Workbook
Name Slicer_Diabetes_Status: #N/A
Name Slicer_Weight_Status: #N/A

Sheet Medical_Examinations
A1: Customer ID | B1: BMI | C1: Weight Status | D1: HBA1C | E1: Diabetic Status | F1: Heart Issues | G1: Any Transplants | H1: Cancer history | I1: NumberOfMajorSurgeries | J1: smoker
A2: Id1 | B2: 47.41 | C2: {=_xlfn.IFS(Medical_Examinations!$B2>=30,"Obesity",Medical_Examinations!$B2>=25,"Overweight",Medical_Examinations!$B2>=18.5,"Normal Weight",TRUE,"Underweight")} -> Obesity | D2: 7.47 | E2: {=_xlfn.IFS(Medical_Examinations!$D2>6.5,"Diabetes",Medical_Examinations!$D2>5.7,"Prediabetes",TRUE,"Normal")} -> Diabetes | F2: No | G2: No | H2: No | I2: 0 | J2: yes
A3: Id2 | B3: 30.36 | C3: {=_xlfn.IFS(Medical_Examinations!$B3>=30,"Obesity",Medical_Examinations!$B3>=25,"Overweight",Medical_Examinations!$B3>=18.5,"Normal Weight",TRUE,"Underweight")} -> Obesity | D3: 5.77 | E3: {=_xlfn.IFS(Medical_Examinations!$D3>6.5,"Diabetes",Medical_Examinations!$D3>5.7,"Prediabetes",TRUE,"Normal")} -> Prediabetes | F3: No | G3: No | H3: No | I3: 0 | J3: yes
A4: Id3 | B4: 34.485 | C4: {=_xlfn.IFS(Medical_Examinations!$B4>=30,"Obesity",Medical_Examinations!$B4>=25,"Overweight",Medical_Examinations!$B4>=18.5,"Normal Weight",TRUE,"Underweight")} -> Obesity | D4: 11.87 | E4: {=_xlfn.IFS(Medical_Examinations!$D4>6.5,"Diabetes",Medical_Examinations!$D4>5.7,"Prediabetes",TRUE,"Normal")} -> Diabetes | F4: yes | G4: No | H4: No | I4: 2 | J4: yes
A5: Id4 | B5: 38.095 | C5: {=_xlfn.IFS(Medical_Examinations!$B5>=30,"Obesity",Medical_Examinations!$B5>=25,"Overweight",Medical_Examinations!$B5>=18.5,"Normal Weight",TRUE,"Underweight")} -> Obesity | D5: 6.05 | E5: {=_xlfn.IFS(Medical_Examinations!$D5>6.5,"Diabetes",Medical_Examinations!$D5>5.7,"Prediabetes",TRUE,"Normal")} -> Prediabetes | F5: No | G5: No | H5: No | I5: 0 | J5: yes
A6: Id5 | B6: 35.53 | C6: {=_xlfn.IFS(Medical_Examinations!$B6>=30,"Obesity",Medical_Examinations!$B6>=25,"Overweight",Medical_Examinations!$B6>=18.5,"Normal Weight",TRUE,"Underweight")} -> Obesity | D6: 5.45 | E6: {=_xlfn.IFS(Medical_Examinations!$D6>6.5,"Diabetes",Medical_Examinations!$D6>5.7,"Prediabetes",TRUE,"Normal")} -> Normal | F6: No | G6: No | H6: No | I6: 0 | J6: yes
A7: Id6 | B7: 32.8 | C7: {=_xlfn.IFS(Medical_Examinations!$B7>=30,"Obesity",Medical_Examinations!$B7>=25,"Overweight",Medical_Examinations!$B7>=18.5,"Normal Weight",TRUE,"Underweight")} -> Obesity | D7: 6.59 | E7: {=_xlfn.IFS(Medical_Examinations!$D7>6.5,"Diabetes",Medical_Examinations!$D7>5.7,"Prediabetes",TRUE,"Normal")} -> Diabetes | F7: No | G7: No | H7: No | I7: 0 | J7: yes
A8: Id7 | B8: 36.4 | C8: {=_xlfn.IFS(Medical_Examinations!$B8>=30,"Obesity",Medical_Examinations!$B8>=25,"Overweight",Medical_Examinations!$B8>=18.5,"Normal Weight",TRUE,"Underweight")} -> Obesity | D8: 6.07 | E8: {=_xlfn.IFS(Medical_Examinations!$D8>6.5,"Diabetes",Medical_Examinations!$D8>5.7,"Prediabetes",TRUE,"Normal")} -> Prediabetes | F8: No | G8: No | H8: No | I8: 0 | J8: yes
A9: Id8 | B9: 36.96 | C9: {=_xlfn.IFS(Medical_Examinations!$B9>=30,"Obesity",Medical_Examinations!$B9>=25,"Overweight",Medical_Examinations!$B9>=18.5,"Normal Weight",TRUE,"Underweight")} -> Obesity | D9: 7.93 | E9: {=_xlfn.IFS(Medical_Examinations!$D9>6.5,"Diabetes",Medical_Examinations!$D9>5.7,"Prediabetes",TRUE,"Normal")} -> Diabetes | F9: No | G9: No | H9: No | I9: 3 | J9: yes
A10: Id9 | B10: 41.14 | C10: {=_xlfn.IFS(Medical_Examinations!$B10>=30,"Obesity",Medical_Examinations!$B10>=25,"Overweight",Medical_Examinations!$B10>=18.5,"Normal Weight",TRUE,"Underweight")} -> Obesity | D10: 9.58 | E10: {=_xlfn.IFS(Medical_Examinations!$D10>6.5,"Diabetes",Medical_Examinations!$D10>5.7,"Prediabetes",TRUE,"Normal")} -> Diabetes | F10: yes | G10: No | H10: Yes | I10: 1 | J10: No
A11: Id10 | B11: 38.06 | C11: {=_xlfn.IFS(Medical_Examinations!$B11>=30,"Obesity",Medical_Examinations!$B11>=25,"Overweight",Medical_Examinations!$B11>=18.5,"Normal Weight",TRUE,"Underweight")} -> Obesity | D11: 10.79 | E11: {=_xlfn.IFS(Medical_Examinations!$D11>6.5,"Diabetes",Medical_Examinations!$D11>5.7,"Prediabetes",TRUE,"Normal")} -> Diabetes | F11: No | G11: No | H11: No | I11: 0 | J11: yes
A12: Id11 | B12: 37.7 | C12: {=_xlfn.IFS(Medical_Examinations!$B12>=30,"Obesity",Medical_Examinations!$B12>=25,"Overweight",Medical_Examinations!$B12>=18.5,"Normal Weight",TRUE,"Underweight")} -> Obesity | D12: 5.96 | E12: {=_xlfn.IFS(Medical_Examinations!$D12>6.5,"Diabetes",Medical_Examinations!$D12>5.7,"Prediabetes",TRUE,"Normal")} -> Prediabetes | F12: yes | G12: No | H12: No | I12: 2 | J12: yes
A13: Id12 | B13: 42.13 | C13: {=_xlfn.IFS(Medical_Examinations!$B13>=30,"Obesity",Medical_Examinations!$B13>=25,"Overweight",Medical_Examinations!$B13>=18.5,"Normal Weight",TRUE,"Underweight")} -> Obesity | D13: 11.9 | E13: {=_xlfn.IFS(Medical_Examinations!$D13>6.5,"Diabetes",Medical_Examinations!$D13>5.7,"Prediabetes",TRUE,"Normal")} -> Diabetes | F13: No | G13: No | H13: No | I13: 0 | J13: yes
... A2336: Id2335 | B2336: 17.58 | C2336: {=_xlfn.IFS(Medical_Examinations!$B2336>=30,"Obesity",Medical_Examinations!$B2336>=25,"Overweight",Medical_Examinations!$B2336>=18.5,"Normal Weight",TRUE,"Underweight")} -> Underweight | D2336: 4.51 | E2336: {=_xlfn.IFS(Medical_Examinations!$D2336>6.5,"Diabetes",Medical_Examinations!$D2336>5.7,"Prediabetes",TRUE,"Normal")} -> Normal | F2336: No | G2336: No | H2336: No | I2336: 1 | J2336: No

Sheet Customer Names
A1: Customer ID | B1: Name | C1: Title | D1: First Name | E1: Last Name
A2: Id1 | B2: Hawks, Ms. Kelly | C2: Ms | D2: Hawks | E2: Kelly
A3: Id2 | B3: Lehner, Mr. Matthew D | C3: Mr | D3: Lehner | E3: Matthew D
A4: Id3 | B4: Lu, Mr. Phil | C4: Mr | D4: Lu | E4: Phil
A5: Id4 | B5: Osborne, Ms. Kelsey | C5: Ms | D5: Osborne | E5: Kelsey
A6: Id5 | B6: Kadala, Ms. Kristyn | C6: Ms | D6: Kadala | E6: Kristyn
A7: Id6 | B7: Baker, Mr. Russell B. | C7: Mr | D7: Baker | E7: Russell B
A8: Id7 | B8: Macpherson, Mr. Scott | C8: Mr | D8: Macpherson | E8: Scott
A9: Id8 | B9: Hallman, Mr. Stephen | C9: Mr | D9: Hallman | E9: Stephen
A10: Id9 | B10: Moran, Mr. Patrick R. | C10: Mr | D10: Moran | E10: Patrick R
A11: Id10 | B11: Benner, Ms. Brooke N. | C11: Ms | D11: Benner | E11: Brooke N
A12: Id11 | B12: Fierro Vargas, Ms. Paola Andrea | C12: Ms | D12: Fierro Vargas | E12: Paola Andrea
... A2336: Id2335 | B2336: German, Mr. Aaron K | C2336: Mr | D2336: German | E2336: Aaron K

Sheet Hospitalization
A1: Customer ID | B1: year | C1: month | D1: date | E1: Date of Birth | F1: Age | G1: children | H1: charges | I1: Hospital tier | J1: City tier | K1: State ID
A2: Id1 | B2: 1968 | C2: Oct | D2: 12 | E2: 25123 | F2: =DATEDIF(Hospitalization!$E2344,TODAY(),"Y") -> 24 | G2: 0 | H2: 63770.43 | I2: tier - 1 | J2: tier - 3 | K2: R1013
A3: Id10 | B3: 1977 | C3: Jun | D3: 8 | E3: 28284 | F3: =DATEDIF(Hospitalization!$E2343,TODAY(),"Y") -> 28 | G3: 0 | H3: 62592.87 | I3: tier - 2 | J3: tier - 3 | K3: R1013
A4: Id100 | B4: 1970 | C4: Sep | D4: 11 | E4: 25822 | F4: =DATEDIF(Hospitalization!$E2342,TODAY(),"Y") -> 34 | G4: 3 | H4: 60021.4 | I4: tier - 1 | J4: tier - 1 | K4: R1012
A5: Id1000 | B5: 1991 | C5: Jun | D5: 6 | E5: 33395 | F5: =DATEDIF(Hospitalization!$E2341,TODAY(),"Y") -> 33 | G5: 1 | H5: 58571.07 | I5: tier - 1 | J5: tier - 3 | K5: R1024
A6: Id1001 | B6: 1989 | C6: Jun | D6: 19 | E6: 32678 | F6: =DATEDIF(Hospitalization!$E2340,TODAY(),"Y") -> 33 | G6: 0 | H6: 55135.4 | I6: tier - 1 | J6: tier - 2 | K6: R1012
A7: Id1002 | B7: 1962 | C7: Aug | D7: 4 | E7: 22862 | F7: =DATEDIF(Hospitalization!$E2339,TODAY(),"Y") -> 34 | G7: 0 | H7: 52590.83 | I7: tier - 1 | J7: tier - 3 | K7: R1011
A8: Id1003 | B8: 1994 | C8: Oct | D8: 27 | E8: 34634 | F8: =DATEDIF(Hospitalization!$E2338,TODAY(),"Y") -> 33 | G8: 1 | H8: 51194.56 | I8: tier - 1 | J8: tier - 3 | K8: R1011
A9: Id1004 | B9: 1958 | C9: Jun | D9: 27 | E9: 21363 | F9: =DATEDIF(Hospitalization!$E2337,TODAY(),"Y") -> 31 | G9: 2 | H9: 49577.66 | I9: tier - 2 | J9: tier - 2 | K9: R1013
A10: Id1005 | B10: 1963 | C10: Sep | D10: 4 | E10: 23258 | F10: =DATEDIF(Hospitalization!$E2336,TODAY(),"Y") -> 23 | G10: 1 | H10: 48970.25 | I10: tier - 1 | J10: tier - 2 | K10: R1013
A11: Id1006 | B11: 1978 | C11: Dec | D11: 29 | E11: 28853 | F11: =DATEDIF(Hospitalization!$E2335,TODAY(),"Y") -> 28 | G11: 0 | H11: 48885.14 | I11: tier - 1 | J11: tier - 2 | K11: R1013
A12: Id1007 | B12: 1959 | C12: Jul | D12: 22 | E12: 21753 | F12: =DATEDIF(Hospitalization!$E2334,TODAY(),"Y") -> 25 | G12: 0 | H12: 48824.45 | I12: tier - 2 | J12: tier - 1 | K12: R1011
A13: Id1008 | B13: 1965 | C13: Oct | D13: 27 | E13: 24042 | F13: =DATEDIF(Hospitalization!$E2333,TODAY(),"Y") -> 26 | G13: 1 | H13: 48675.52 | I13: tier - 1 | J13: tier - 2 | K13: R1013
A14: Id1009 | B14: 1962 | C14: Oct | D14: 11 | E14: 22930 | F14: =DATEDIF(Hospitalization!$E2332,TODAY(),"Y") -> 26 | G14: 0 | H14: 48673.56 | I14: tier - 1 | J14: tier - 2 | K14: R1013
A15: Id101 | B15: 1968 | C15: Dec | D15: 1 | E15: 25173 | F15: =DATEDIF(Hospitalization!$E2331,TODAY(),"Y") -> 24 | G15: 3 | H15: 48549.18 | I15: tier - 1 | J15: tier - 3 | K15: R1016
A16: Id1010 | B16: 1961 | C16: Dec | D16: 21 | E16: 22636 | F16: =DATEDIF(Hospitalization!$E2330,TODAY(),"Y") -> 33 | G16: 1 | H16: 48517.56 | I16: tier - 1 | J16: tier - 3 | K16: R1024
A17: Id1011 | B17: 1962 | C17: Aug | D17: 27 | E17: 22885 | F17: =DATEDIF(Hospitalization!$E2329,TODAY(),"Y") -> 29 | G17: 0 | H17: 48173.36 | I17: tier - 1 | J17: tier - 3 | K17: R1011
A18: Id1012 | B18: 1958 | C18: Nov | D18: 16 | E18: 21505 | F18: =DATEDIF(Hospitalization!$E2328,TODAY(),"Y") -> 33 | G18: 1 | H18: 47928.03 | I18: tier - 2 | J18: tier - 3 | K18: R1011
A19: Id1013 | B19: 1963 | C19: Aug | D19: 5 | E19: 23228 | F19: =DATEDIF(Hospitalization!$E2327,TODAY(),"Y") -> 30 | G19: 1 | H19: 47896.79 | I19: tier - 1 | J19: tier - 3 | K19: R1024
A20: Id1014 | B20: 1964 | C20: Nov | D20: 7 | E20: 23688 | F20: =DATEDIF(Hospitalization!$E2326,TODAY(),"Y") -> 30 | G20: 2 | H20: 47496.49 | I20: tier - 1 | J20: tier - 3 | K20: R1012
A21: Id1015 | B21: 1971 | C21: Sep | D21: 27 | E21: 26203 | F21: =DATEDIF(Hospitalization!$E2325,TODAY(),"Y") -> 22 | G21: 2 | H21: 47462.89 | I21: tier - 1 | J21: tier - 2 | K21: R1013
A22: Id1016 | B22: 1961 | C22: Jun | D22: 13 | E22: 22445 | F22: =DATEDIF(Hospitalization!$E2324,TODAY(),"Y") -> 25 | G22: 1 | H22: 47403.88 | I22: tier - 1 | J22: tier - 3 | K22: R1011
A23: Id1017 | B23: 1959 | C23: Oct | D23: 4 | E23: 21827 | F23: =DATEDIF(Hospitalization!$E2323,TODAY(),"Y") -> 32 | G23: 2 | H23: 47305.31 | I23: tier - 2 | J23: tier - 1 | K23: R1011
A24: Id1018 | B24: 1958 | C24: Sep | D24: 3 | E24: 21431 | F24: =DATEDIF(Hospitalization!$E2322,TODAY(),"Y") -> 31 | G24: 2 | H24: 47291.06 | I24: tier - 2 | J24: tier - 1 | K24: R1011
A25: Id1019 | B25: 1970 | C25: Dec | D25: 28 | E25: 25930 | F25: =DATEDIF(Hospitalization!$E2321,TODAY(),"Y") -> 30 | G25: 2 | H25: 47269.85 | I25: tier - 1 | J25: tier - 2 | K25: R1013
A26: Id102 | B26: 1959 | C26: Jul | D26: 14 | E26: 21745 | F26: =DATEDIF(Hospitalization!$E2320,TODAY(),"Y") -> 25 | G26: 0 | H26: 47055.53 | I26: tier - 2 | J26: tier - 1 | K26: R1013
A27: Id1020 | B27: 1958 | C27: Sep | D27: 15 | E27: 21443 | F27: =DATEDIF(Hospitalization!$E2319,TODAY(),"Y") -> 31 | G27: 0 | H27: 46889.26 | I27: tier - 2 | J27: tier - 3 | K27: R1013
A28: Id1021 | B28: 1960 | C28: Nov | D28: 17 | E28: 22237 | F28: =DATEDIF(Hospitalization!$E2318,TODAY(),"Y") -> 26 | G28: 3 | H28: 46718.16 | I28: tier - 1 | J28: tier - 1 | K28: R1012
A29: Id1022 | B29: 1969 | C29: Jun | D29: 23 | E29: 25377 | F29: =DATEDIF(Hospitalization!$E2317,TODAY(),"Y") -> 27 | G29: 3 | H29: 46661.44 | I29: tier - 1 | J29: tier - 3 | K29: R1012
A30: Id1023 | B30: 1961 | C30: Aug | D30: 8 | E30: 22501 | F30: =DATEDIF(Hospitalization!$E2316,TODAY(),"Y") -> 31 | G30: 0 | H30: 46599.11 | I30: tier - 1 | J30: tier - 1 | K30: R1013
A31: Id1024 | B31: 1971 | C31: Dec | D31: 6 | E31: 26273 | F31: =DATEDIF(Hospitalization!$E2315,TODAY(),"Y") -> 31 | G31: 3 | H31: 46255.11 | I31: tier - 1 | J31: tier - 3 | K31: R1024
A32: Id1025 | B32: 1978 | C32: Aug | D32: 17 | E32: 28719 | F32: =DATEDIF(Hospitalization!$E2314,TODAY(),"Y") -> 24 | G32: 2 | H32: 46200.99 | I32: tier - 1 | J32: tier - 1 | K32: R1013
A33: Id1026 | B33: 1976 | C33: Dec | D33: 2 | E33: 28096 | F33: =DATEDIF(Hospitalization!$E2313,TODAY(),"Y") -> 24 | G33: 3 | H33: 46151.12 | I33: tier - 1 | J33: tier - 3 | K33: R1013
A34: Id1027 | B34: 1962 | C34: Dec | D34: 4 | E34: 22984 | F34: =DATEDIF(Hospitalization!$E2312,TODAY(),"Y") -> 31 | G34: 3 | H34: 46130.53 | I34: tier - 1 | J34: tier - 1 | K34: R1012
A35: Id1028 | B35: 1985 | C35: Sep | D35: 30 | E35: 31320 | F35: =DATEDIF(Hospitalization!$E2311,TODAY(),"Y") -> 33 | G35: 2 | H35: 46113.51 | I35: tier - 2 | J35: tier - 3 | K35: R1011
A36: Id1029 | B36: 1979 | C36: Aug | D36: 12 | E36: 29079 | F36: =DATEDIF(Hospitalization!$E2310,TODAY(),"Y") -> 22 | G36: 0 | H36: 45863.21 | I36: tier - 2 | J36: tier - 1 | K36: R1013
A37: Id103 | B37: 1960 | C37: Dec | D37: 21 | E37: 22271 | F37: =DATEDIF(Hospitalization!$E2309,TODAY(),"Y") -> 29 | G37: 0 | H37: 45710.21 | I37: tier - 2 | J37: tier - 2 | K37: R1016
A38: Id1030 | B38: 1974 | C38: Aug | D38: 9 | E38: 27250 | F38: =DATEDIF(Hospitalization!$E2308,TODAY(),"Y") -> 27 | G38: 2 | H38: 45702.02 | I38: tier - 2 | J38: tier - 2 | K38: R1012
A39: Id1031 | B39: 1962 | C39: Dec | D39: 17 | E39: 22997 | F39: =DATEDIF(Hospitalization!$E2307,TODAY(),"Y") -> 24 | G39: 0 | H39: 45008.96 | I39: tier - 2 | J39: tier - 2 | K39: R1013
A40: Id1032 | B40: 1971 | C40: Aug | D40: 13 | E40: 26158 | F40: =DATEDIF(Hospitalization!$E2306,TODAY(),"Y") -> 21 | G40: 2 | H40: 44641.2 | I40: tier - 2 | J40: tier - 3 | K40: R1024
A41: Id1033 | B41: 1993 | C41: Oct | D41: 11 | E41: 34253 | F41: =DATEDIF(Hospitalization!$E2305,TODAY(),"Y") -> 22 | G41: 2 | H41: 44585.46 | I41: tier - 2 | J41: tier - 2 | K41: R1011
A42: Id1034 | B42: 2000 | C42: Aug | D42: 2 | E42: 36740 | F42: =DATEDIF(Hospitalization!$E2304,TODAY(),"Y") -> 24 | G42: 1 | H42: 44501.4 | I42: tier - 2 | J42: tier - 3 | K42: R1013
A43: Id1035 | B43: 1967 | C43: Sep | D43: 14 | E43: 24729 | F43: =DATEDIF(Hospitalization!$E2303,TODAY(),"Y") -> 22 | G43: 0 | H43: 44423.8 | I43: tier - 2 | J43: tier - 3 | K43: R1013
A44: Id1036 | B44: 1971 | C44: Oct | D44: 29 | E44: 26235 | F44: =DATEDIF(Hospitalization!$E2302,TODAY(),"Y") -> 22 | G44: 0 | H44: 44400.41 | I44: tier - 2 | J44: tier - 2 | K44: R1013
A45: Id1037 | B45: 1968 | C45: Nov | D45: 24 | E45: 25166 | F45: =DATEDIF(Hospitalization!$E2301,TODAY(),"Y") -> 21 | G45: 2 | H45: 44260.75 | I45: tier - 2 | J45: tier - 1 | K45: R1013
A46: Id1038 | B46: 1975 | C46: Jun | D46: 1 | E46: 27546 | F46: =DATEDIF(Hospitalization!$E2300,TODAY(),"Y") -> 24 | G46: 2 | H46: 44202.65 | I46: tier - 2 | J46: tier - 2 | K46: R1013
A47: Id1039 | B47: 1988 | C47: Jul | D47: 16 | E47: 32340 | F47: =DATEDIF(Hospitalization!$E2299,TODAY(),"Y") -> 21 | G47: 1 | H47: 43943.88 | I47: tier - 2 | J47: tier - 1 | K47: R1012
A48: Id104 | B48: 1966 | C48: Oct | D48: 5 | E48: 24385 | F48: =DATEDIF(Hospitalization!$E2298,TODAY(),"Y") -> 22 | G48: 0 | H48: 43921.18 | I48: tier - 2 | J48: tier - 2 | K48: R1012
A49: Id1040 | B49: 1980 | C49: Nov | D49: 10 | E49: 29535 | F49: =DATEDIF(Hospitalization!$E2297,TODAY(),"Y") -> 21 | G49: 2 | H49: 43896.38 | I49: tier - 2 | J49: tier - 1 | K49: R1013
A50: Id1041 | B50: 1966 | C50: Jul | D50: 2 | E50: 24290 | F50: =DATEDIF(Hospitalization!$E2296,TODAY(),"Y") -> 24 | G50: 0 | H50: 43817.45 | I50: tier - 2 | J50: tier - 3 | K50: R1012
A51: Id1042 | B51: 1966 | C51: Oct | D51: 25 | E51: 24405 | F51: =DATEDIF(Hospitalization!$E2295,TODAY(),"Y") -> 22 | G51: 2 | H51: 43813.87 | I51: tier - 2 | J51: tier - 2 | K51: R1013
A52: Id1043 | B52: 1986 | C52: Dec | D52: 29 | E52: 31775 | F52: =DATEDIF(Hospitalization!$E2294,TODAY(),"Y") -> 24 | G52: 3 | H52: 43753.34 | I52: tier - 2 | J52: tier - 1 | K52: R1015
A53: Id1044 | B53: 1965 | C53: Aug | D53: 22 | E53: 23976 | F53: =DATEDIF(Hospitalization!$E2293,TODAY(),"Y") -> 22 | G53: 0 | H53: 43578.94 | I53: tier - 2 | J53: tier - 2 | K53: R1012
A54: Id1045 | B54: 1969 | C54: Dec | D54: 3 | E54: 25540 | F54: =DATEDIF(Hospitalization!$E2292,TODAY(),"Y") -> 23 | G54: 0 | H54: 43254.42 | I54: tier - 2 | J54: tier - 2 | K54: R1016
A55: Id1046 | B55: 1965 | C55: Nov | D55: 29 | E55: 24075 | F55: =DATEDIF(Hospitalization!$E2291,TODAY(),"Y") -> 22 | G55: 0 | H55: 43073.76 | I55: tier - 2 | J55: tier - 2 | K55: R1011
A56: Id1047 | B56: 1978 | C56: Nov | D56: 4 | E56: 28798 | F56: =DATEDIF(Hospitalization!$E2290,TODAY(),"Y") -> 32 | G56: 0 | H56: 42983.46 | I56: tier - 1 | J56: tier - 2 | K56: R1012
A57: Id1048 | B57: 1975 | C57: Oct | D57: 23 | E57: 27690 | F57: =DATEDIF(Hospitalization!$E2289,TODAY(),"Y") -> 21 | G57: 1 | H57: 42969.85 | I57: tier - 1 | J57: tier - 3 | K57: R1013
A58: Id1049 | B58: 1972 | C58: Sep | D58: 10 | E58: 26552 | F58: =DATEDIF(Hospitalization!$E2288,TODAY(),"Y") -> 24 | G58: 2 | H58: 42856.84 | I58: tier - 1 | J58: tier - 1 | K58: R1011
A59: Id105 | B59: 1965 | C59: Oct | D59: 29 | E59: 24044 | F59: =DATEDIF(Hospitalization!$E2287,TODAY(),"Y") -> 24 | G59: 0 | H59: 42764.12 | I59: tier - 1 | J59: tier - 2 | K59: R1011
A60: Id1050 | B60: 1977 | C60: Oct | D60: 21 | E60: 28419 | F60: =DATEDIF(Hospitalization!$E2286,TODAY(),"Y") -> 30 | G60: 2 | H60: 42760.5 | I60: tier - 1 | J60: tier - 2 | K60: R1012
A61: Id1051 | B61: 1971 | C61: Nov | D61: 3 | E61: 26240 | F61: =DATEDIF(Hospitalization!$E2285,TODAY(),"Y") -> 29 | G61: 0 | H61: 42644.2 | I61: tier - 1 | J61: tier - 3 | K61: R1011
A62: Id1052 | B62: 1979 | C62: Dec | D62: 27 | E62: 29216 | F62: =DATEDIF(Hospitalization!$E2284,TODAY(),"Y") -> 24 | G62: 2 | H62: 42560.43 | I62: tier - 1 | J62: tier - 3 | K62: R1013
A63: Id1053 | B63: 1967 | C63: Jun | D63: 27 | E63: 24650 | F63: =DATEDIF(Hospitalization!$E2283,TODAY(),"Y") -> 27 | G63: 0 | H63: 42538.72 | I63: tier - 1 | J63: tier - 3 | K63: R1011
A64: Id1054 | B64: 1968 | C64: Aug | D64: 3 | E64: 25053 | F64: =DATEDIF(Hospitalization!$E2282,TODAY(),"Y") -> 34 | G64: 0 | H64: 42478.6 | I64: tier - 1 | J64: tier - 2 | K64: R1011
A65: Id1055 | B65: 1967 | C65: Jun | D65: 28 | E65: 24651 | F65: =DATEDIF(Hospitalization!$E2281,TODAY(),"Y") -> 22 | G65: 0 | H65: 42303.69 | I65: tier - 1 | J65: tier - 2 | K65: R1016
A66: Id1056 | B66: 1975 | C66: Aug | D66: 15 | E66: 27621 | F66: =DATEDIF(Hospitalization!$E2280,TODAY(),"Y") -> 29 | G66: 1 | H66: 42211.14 | I66: tier - 1 | J66: tier - 3 | K66: R1013
A67: Id1057 | B67: 1973 | C67: Sep | D67: 18 | E67: 26925 | F67: =DATEDIF(Hospitalization!$E2279,TODAY(),"Y") -> 22 | G67: 0 | H67: 42188.15 | I67: tier - 1 | J67: tier - 1 | K67: R1011
A68: Id1058 | B68: 1979 | C68: Jul | D68: 3 | E68: 29039 | F68: =DATEDIF(Hospitalization!$E2278,TODAY(),"Y") -> 21 | G68: 3 | H68: 42124.52 | I68: tier - 1 | J68: tier - 1 | K68: R1013
A69: Id1059 | B69: 1997 | C69: Dec | D69: 9 | E69: 35773 | F69: =DATEDIF(Hospitalization!$E2277,TODAY(),"Y") -> 28 | G69: 2 | H69: 42112.24 | I69: tier - 1 | J69: tier - 3 | K69: R1013
A70: Id106 | B70: 1976 | C70: Nov | D70: 28 | E70: 28092 | F70: =DATEDIF(Hospitalization!$E2276,TODAY(),"Y") -> 23 | G70: 0 | H70: 42111.66 | I70: tier - 1 | J70: tier - 1 | K70: R1024
A71: Id1060 | B71: 1968 | C71: Dec | D71: 19 | E71: 25191 | F71: =DATEDIF(Hospitalization!$E2275,TODAY(),"Y") -> 28 | G71: 1 | H71: 41999.52 | I71: tier - 1 | J71: tier - 3 | K71: R1013
A72: Id1061 | B72: 1984 | C72: Nov | D72: 10 | E72: 30996 | F72: =DATEDIF(Hospitalization!$E2274,TODAY(),"Y") -> 24 | G72: 3 | H72: 41949.24 | I72: tier - 1 | J72: tier - 1 | K72: R1013
A73: Id1062 | B73: 1972 | C73: Jun | D73: 8 | E73: 26458 | F73: =DATEDIF(Hospitalization!$E2273,TODAY(),"Y") -> 23 | G73: 1 | H73: 41919.1 | I73: tier - 1 | J73: tier - 1 | K73: R1016
A74: Id1063 | B74: 1966 | C74: Sep | D74: 21 | E74: 24371 | F74: =DATEDIF(Hospitalization!$E2272,TODAY(),"Y") -> 23 | G74: 0 | H74: 41886.54 | I74: tier - 1 | J74: tier - 3 | K74: R1011
A75: Id1064 | B75: 1962 | C75: Sep | D75: 22 | E75: 22911 | F75: =DATEDIF(Hospitalization!$E2271,TODAY(),"Y") -> 23 | G75: 0 | H75: 41794.63 | I75: tier - 1 | J75: tier - 3 | K75: R1011
A76: Id1065 | B76: 1975 | C76: Sep | D76: 29 | E76: 27666 | F76: =DATEDIF(Hospitalization!$E2270,TODAY(),"Y") -> 23 | G76: 1 | H76: 41681.86 | I76: tier - 1 | J76: tier - 1 | K76: R1011
A77: Id1066 | B77: 1975 | C77: Nov | D77: 14 | E77: 27712 | F77: =DATEDIF(Hospitalization!$E2269,TODAY(),"Y") -> 28 | G77: 0 | H77: 41676.08 | I77: tier - 1 | J77: tier - 2 | K77: R1013
A78: Id1067 | B78: 1976 | C78: Oct | D78: 29 | E78: 28062 | F78: =DATEDIF(Hospitalization!$E2268,TODAY(),"Y") -> 22 | G78: 1 | H78: 41661.6 | I78: tier - 1 | J78: tier - 3 | K78: R1011
A79: Id1068 | B79: 1974 | C79: Nov | D79: 24 | E79: 27357 | F79: =DATEDIF(Hospitalization!$E2267,TODAY(),"Y") -> 23 | G79: 0 | H79: 41636.2 | I79: tier - 1 | J79: tier - 1 | K79: R1011
A80: Id1069 | B80: 1967 | C80: Dec | D80: 22 | E80: 24828 | F80: =DATEDIF(Hospitalization!$E2266,TODAY(),"Y") -> 22 | G80: 0 | H80: 41505.15 | I80: tier - 1 | J80: tier - 2 | K80: R1011
A81: Id107 | B81: 1971 | C81: Oct | D81: 16 | E81: 26222 | F81: =DATEDIF(Hospitalization!$E2265,TODAY(),"Y") -> 23 | G81: 0 | H81: 41351.88 | I81: tier - 1 | J81: tier - 2 | K81: R1011
A82: Id1070 | B82: 1964 | C82: Oct | D82: 7 | E82: 23657 | F82: =DATEDIF(Hospitalization!$E2264,TODAY(),"Y") -> 22 | G82: 0 | H82: 41331.79 | I82: tier - 1 | J82: tier - 2 | K82: R1011
A83: Id1071 | B83: 1977 | C83: Aug | D83: 27 | E83: 28364 | F83: =DATEDIF(Hospitalization!$E2263,TODAY(),"Y") -> 23 | G83: 2 | H83: 41271.5 | I83: tier - 1 | J83: tier - 2 | K83: R1011
A84: Id1072 | B84: 1964 | C84: Jun | D84: 6 | E84: 23534 | F84: =DATEDIF(Hospitalization!$E2262,TODAY(),"Y") -> 28 | G84: 0 | H84: 41250.39 | I84: tier - 1 | J84: tier - 3 | K84: R1011
A85: Id1073 | B85: 1969 | C85: Aug | D85: 8 | E85: 25423 | F85: =DATEDIF(Hospitalization!$E2261,TODAY(),"Y") -> 22 | G85: 0 | H85: 41191.57 | I85: tier - 1 | J85: tier - 2 | K85: R1011
A86: Id1074 | B86: 1972 | C86: Sep | D86: 6 | E86: 26548 | F86: =DATEDIF(Hospitalization!$E2260,TODAY(),"Y") -> 22 | G86: 0 | H86: 41097.16 | I86: tier - 1 | J86: tier - 3 | K86: R1016
A87: Id1075 | B87: 1972 | C87: Aug | D87: 12 | E87: 26523 | F87: =DATEDIF(Hospitalization!$E2259,TODAY(),"Y") -> 26 | G87: 0 | H87: 41055.29 | I87: tier - 1 | J87: tier - 2 | K87: R1011
A88: Id1076 | B88: 1979 | C88: Oct | D88: 11 | E88: 29139 | F88: =DATEDIF(Hospitalization!$E2258,TODAY(),"Y") -> 28 | G88: 1 | H88: 41034.22 | I88: tier - 1 | J88: tier - 3 | K88: R1017
A89: Id1077 | B89: 1974 | C89: Jun | D89: 5 | E89: 27185 | F89: =DATEDIF(Hospitalization!$E2257,TODAY(),"Y") -> 24 | G89: 0 | H89: 40974.16 | I89: tier - 1 | J89: tier - 2 | K89: R1013
A90: Id1078 | B90: 1983 | C90: Sep | D90: 8 | E90: 30567 | F90: =DATEDIF(Hospitalization!$E2256,TODAY(),"Y") -> 23 | G90: 3 | H90: 40961.29 | I90: tier - 1 | J90: tier - 2 | K90: R1011
A91: Id1079 | B91: 1979 | C91: Sep | D91: 16 | E91: 29114 | F91: =DATEDIF(Hospitalization!$E2255,TODAY(),"Y") -> 26 | G91: 3 | H91: 40941.29 | I91: tier - 1 | J91: tier - 2 | K91: R1013
A92: Id108 | B92: 1992 | C92: Aug | D92: 4 | E92: 33820 | F92: =DATEDIF(Hospitalization!$E2254,TODAY(),"Y") -> 24 | G92: 3 | H92: 40932.43 | I92: tier - 1 | J92: tier - 2 | K92: R1013
A93: Id1080 | B93: 1999 | C93: Jul | D93: 2 | E93: 36343 | F93: =DATEDIF(Hospitalization!$E2253,TODAY(),"Y") -> 27 | G93: 1 | H93: 40904.2 | I93: tier - 1 | J93: tier - 1 | K93: R1024
A94: Id1081 | B94: 1972 | C94: Jun | D94: 10 | E94: 26460 | F94: =DATEDIF(Hospitalization!$E2252,TODAY(),"Y") -> 28 | G94: 0 | H94: 40817.85 | I94: tier - 1 | J94: tier - 3 | K94: R1011
A95: Id1082 | B95: 1976 | C95: Dec | D95: 26 | E95: 28120 | F95: =DATEDIF(Hospitalization!$E2251,TODAY(),"Y") -> 31 | G95: 3 | H95: 40720.55 | I95: tier - 1 | J95: tier - 3 | K95: R1012
A96: Id1083 | B96: 1970 | C96: Sep | D96: 25 | E96: 25836 | F96: =DATEDIF(Hospitalization!$E2250,TODAY(),"Y") -> 28 | G96: 0 | H96: 40692.91 | I96: tier - 1 | J96: tier - 1 | K96: R1011
A97: Id1084 | B97: 1975 | C97: Jul | D97: 10 | E97: 27585 | F97: =DATEDIF(Hospitalization!$E2249,TODAY(),"Y") -> 27 | G97: 1 | H97: 40590.55 | I97: tier - 1 | J97: tier - 3 | K97: R1012
A98: Id1085 | B98: 1985 | C98: Nov | D98: 3 | E98: 31354 | F98: =DATEDIF(Hospitalization!$E2248,TODAY(),"Y") -> 24 | G98: 0 | H98: 40419.02 | I98: tier - 1 | J98: tier - 2 | K98: R1013
A99: Id1086 | B99: 1966 | C99: Aug | D99: 12 | E99: 24331 | F99: =DATEDIF(Hospitalization!$E2247,TODAY(),"Y") -> 27 | G99: 0 | H99: 40373.74 | I99: tier - 1 | J99: tier - 3 | K99: R1011
A100: Id1087 | B100: 1962 | C100: Sep | D100: 4 | E100: 22893 | F100: =DATEDIF(Hospitalization!$E2246,TODAY(),"Y") -> 23 | G100: 0 | H100: 40309.93 | I100: tier - 1 | J100: tier - 3 | K100: R1011
...

Sheet Pivot Table
E2: Major Surgeries With Transplants | F2: Average of HBA1C | H2: NumberOfMajorSurgeries | I2: Average of HBA1C
A3: Cancer History | B3: Count of Smoker | E3: 0 | F3: 6.7226249 | H3: 0 | I3: 6.7226249 | K3: Diabetics&WeightStatus | L3: Sum of Charges
A4: No | B4: 299 | E4: No | F4: 6.7317385 | H4: 1 | I4: 4.9593999 | K4: Diabetes | L4: 2219296.6
A5: Yes | B5: 54 | E5: Unknown | F5: 5.6305051 | H5: 2 | I5: 7.1488806 | K5: Normal Weight | L5: 2219296.6
A6: Grand Total | B6: 353 | E6: 1 | F6: 4.9593999 | H6: Grand Total | I6: 5.6305051 | K6: Grand Total | L6: 2219296.6
E7: No | F7: 4.93888
E8: yes | F8: 5.2206481
E9: 2 | F9: 7.1488806
E10: No | F10: 7.3594215
E11: yes | F11: 5.1892308
E12: Grand Total | F12: 5.6305051
Q15: Count of Smoker | R15: Count of BMI | S15: Count of HBA1C | T15: Average of Charges | U15: Sum of Charges
Q16: 353 | R16: 353 | S16: 353 | T16: 16503.201 | U16: 5825629.9
Q18: =GETPIVOTDATA("Count of Smoker",$Q$15) -> 353 | R18: =GETPIVOTDATA("Count of BMI",$Q$15) -> 353 | S18: =GETPIVOTDATA("Count of HBA1C",$Q$15) -> 353 | T18: =GETPIVOTDATA("Average of Charges",$Q$15) -> 16503.201 | U18: =GETPIVOTDATA("Sum of Charges",$Q$15) -> 5825629.9
A22: Age | B22: Count of BMI | C22: Count of HBA1C | H22: State &Hospital | I22: Average of Charges
A23: 21 | B23: 37 | C23: 37 | H23: R1011 | I23: 22011.153
A24: 22 | B24: 90 | C24: 90 | H24: tier - 1 | I24: 29872.376
A25: 23 | B25: 72 | C25: 72 | H25: tier - 2 | I25: 22845.698
A26: 24 | B26: 55 | C26: 55 | H26: tier - 3 | I26: 11186.24
A27: 25 | B27: 55 | C27: 55 | H27: R1012 | I27: 15213.039
A28: 26 | B28: 47 | C28: 47 | H28: tier - 1 | I28: 23698.949 | Q28: Count of Any Transplants | R28: Count of Heart Issues | S28: Count of Cancer history
A29: 27 | B29: 45 | C29: 45 | H29: tier - 2 | I29: 14503.088 | Q29: 2342 | R29: 2342 | S29: 2342
A30: 28 | B30: 56 | C30: 56 | H30: tier - 3 | I30: 11551.663
A31: 29 | B31: 48 | C31: 48 | H31: R1013 | I31: 15853.41 | S31: =GETPIVOTDATA("Count of Cancer history",$Q$28) -> 2342
A32: 30 | B32: 47 | C32: 47 | H32: tier - 1 | I32: 25725.512
A33: 31 | B33: 55 | C33: 55 | H33: tier - 2 | I33: 16045.642
A34: 32 | B34: 54 | C34: 54 | H34: tier - 3 | I34: 11509.001
A35: 33 | B35: 45 | C35: 45 | H35: R1014 | I35: 21880.82
A36: 34 | B36: 63 | C36: 63 | H36: tier - 3 | I36: 21880.82 | K36: Age | L36: Average of Charges
A37: 35 | B37: 49 | C37: 49 | H37: R1016 | I37: 11733.995 | K37: 21 | L37: 36765.972
A38: 36 | B38: 51 | C38: 51 | H38: tier - 1 | I38: 19798.05 | K38: 22 | L38: 30396.308
A39: 37 | B39: 46 | C39: 46 | H39: tier - 2 | I39: 10854.734 | K39: 23 | L39: 26363.815
A40: 38 | B40: 51 | C40: 51 | H40: tier - 3 | I40: 10817.057 | K40: 24 | L40: 28591.498
A41: 39 | B41: 44 | C41: 44 | H41: R1017 | I41: 18237.74 | K41: 25 | L41: 31538.39
A42: 40 | B42: 50 | C42: 50 | H42: tier - 2 | I42: 18237.74 | K42: 26 | L42: 29143.9
A43: 41 | B43: 37 | C43: 37 | H43: R1019 | I43: 15940.455 | K43: 27 | L43: 24053.837
A44: 42 | B44: 54 | C44: 54 | H44: tier - 1 | I44: 18157.88 | K44: 28 | L44: 32555.065
A45: 43 | B45: 51 | C45: 51 | H45: tier - 2 | I45: 21882.4 | K45: 29 | L45: 26851.226
A46: 44 | B46: 46 | C46: 46 | H46: tier - 3 | I46: 11860.77 | K46: 30 | L46: 24281.307
A47: 45 | B47: 49 | C47: 49 | H47: R1021 | I47: 11451.922 | K47: 31 | L47: 27982.144
A48: 46 | B48: 55 | C48: 55 | H48: tier - 1 | I48: 29760.6 | K48: 32 | L48: 18449.876
... A69: 67 | B69: 19 | C69: 19 | H69: Grand Total | I69: 16503.201 | K69: 53 | L69: 10038.788
A70: 68 | B70: 17 | C70: 17 | K70: 54 | L70: 9539.8692
A71: Grand Total | B71: 2342 | C71: 2342 | K71: 55 | L71: 10159.261
K72: 56 | L72: 11047.492
K73: 57 | L73: 8689.6456
K74: 58 | L74: 9074.1617
K75: 59 | L75: 8560.2082
K76: 60 | L76: 7844.3938
K77: 61 | L77: 8198.1825
K78: 62 | L78: 7811.6536
K79: 63 | L79: 8264.1675
K80: 64 | L80: 7827.4967
K81: Grand Total | L81: 16503.201

Sheet Dashboard

Sheet HealthCare
A1: Customer ID | B1: Title | C1: First Name | D1: BMI | E1: HBA1C | F1: Heart Issues | G1: Any Transplants | H1: Cancer history | I1: NumberOfMajorSurgeries | J1: Smoker | K1: Weight Status | L1: Diabetes Status | M1: Date of Birth | N1: Age | O1: State ID | P1: City Tier | Q1: Charges | R1: Hospital Tier
A2: Id1 | B2: =VLOOKUP(A2,'Customer Names'!A2:E1320,3,TRUE) -> Ms | C2: =VLOOKUP(A2,'Customer Names'!A2:E2336,4,TRUE) -> Hawks | D2: =VLOOKUP(HealthCare!A2,Medical_Examinations!A1:J2336,2,TRUE) -> 47.41 | E2: =VLOOKUP(HealthCare!A2,Medical_Examinations!A1:J2336,4,TRUE) -> 7.47 | F2: =VLOOKUP(A2,Medical_Examinations!A1:J2336,6,TRUE) -> No | G2: =VLOOKUP(A2,Medical_Examinations!A1:J2336,7,TRUE) -> No | H2: =VLOOKUP(A2,Medical_Examinations!A1:J2336,8,TRUE) -> No | I2: =VLOOKUP(A2,Medical_Examinations!A1:J2336,9,TRUE) -> 0 | J2: =VLOOKUP(A2,Medical_Examinations!A1:J2336,10,TRUE) -> yes | K2: =VLOOKUP(A2,Medical_Examinations!A1:J2336,3,TRUE) -> Obesity | L2: =VLOOKUP(A2,Medical_Examinations!A1:J2336,5,TRUE) -> Diabetes | M2: =VLOOKUP(A2,Hospitalization!A2:K2344,5,FALSE) -> 25123 | N2: =VLOOKUP(A2,Hospitalization!A2:K2344,6,FALSE) -> 24 | O2: =VLOOKUP(A2,Hospitalization!A2:K2344,11) -> R1013 | P2: =VLOOKUP(A2,Hospitalization!A2:K2344,10,TRUE) -> tier - 3 | Q2: =VLOOKUP(A2,Hospitalization!A2:K2344,8,TRUE) -> 63770.43 | R2: =VLOOKUP(HealthCare!A2,Hospitalization!A2:K2344,9,TRUE) -> tier - 1
A3: Id2 | B3: =VLOOKUP(A3,'Customer Names'!A3:E1321,3,TRUE) -> Ms | C3: =VLOOKUP(A3,'Customer Names'!A1:E826,4,FALSE) -> Lehner | D3: =VLOOKUP(HealthCare!A3,Medical_Examinations!A2:J2337,2,TRUE) -> 40.185 | E3: =VLOOKUP(HealthCare!A3,Medical_Examinations!A2:J2337,4,TRUE) -> 5.88 | F3: =VLOOKUP(A3,Medical_Examinations!A2:J2337,6,TRUE) -> yes | G3: =VLOOKUP(A3,Medical_Examinations!A2:J2337,7,TRUE) -> No | H3: =VLOOKUP(A3,Medical_Examinations!A2:J2337,8,TRUE) -> No | I3: =VLOOKUP(A3,Medical_Examinations!A2:J2337,9,TRUE) -> 0 | J3: =VLOOKUP(A3,Medical_Examinations!A2:J2337,10,TRUE) -> No | K3: =VLOOKUP(A3,Medical_Examinations!A2:J2337,3,TRUE) -> Obesity | L3: =VLOOKUP(A3,Medical_Examinations!A2:J2337,5,TRUE) -> Prediabetes | M3: =VLOOKUP(A3,Hospitalization!A3:K2345,5,FALSE) -> 24741 | N3: =VLOOKUP(A3,Hospitalization!A3:K2345,6,FALSE) -> 43 | O3: =VLOOKUP(A3,Hospitalization!A3:K2345,11) -> R1011 | P3: =VLOOKUP(A3,Hospitalization!A3:K2345,10,TRUE) -> tier - 2 | Q3: =VLOOKUP(A3,Hospitalization!A3:K2345,8,TRUE) -> 10214.64 | R3: =VLOOKUP(HealthCare!A3,Hospitalization!A3:K2345,9,TRUE) -> tier - 3
A4: Id3 | B4: =VLOOKUP(A4,'Customer Names'!A4:E1322,3,TRUE) -> Mr | C4: =VLOOKUP(A4,'Customer Names'!A2:E827,4,FALSE) -> Lu | D4: =VLOOKUP(HealthCare!A4,Medical_Examinations!A3:J2338,2,TRUE) -> 17.58 | E4: =VLOOKUP(HealthCare!A4,Medical_Examinations!A3:J2338,4,TRUE) -> 4.51 | F4: =VLOOKUP(A4,Medical_Examinations!A3:J2338,6,TRUE) -> No | G4: =VLOOKUP(A4,Medical_Examinations!A3:J2338,7,TRUE) -> No | H4: =VLOOKUP(A4,Medical_Examinations!A3:J2338,8,TRUE) -> No | I4: =VLOOKUP(A4,Medical_Examinations!A3:J2338,9,TRUE) -> 1 | J4: =VLOOKUP(A4,Medical_Examinations!A3:J2338,10,TRUE) -> No | K4: =VLOOKUP(A4,Medical_Examinations!A3:J2338,3,TRUE) -> Underweight | L4: =VLOOKUP(A4,Medical_Examinations!A3:J2338,5,TRUE) -> Normal | M4: =VLOOKUP(A4,Hospitalization!A4:K2346,5,FALSE) -> 28056 | N4: =VLOOKUP(A4,Hospitalization!A4:K2346,6,FALSE) -> 65 | O4: =VLOOKUP(A4,Hospitalization!A4:K2346,11) -> R1013 | P4: =VLOOKUP(A4,Hospitalization!A4:K2346,10,TRUE) -> tier - 1 | Q4: =VLOOKUP(A4,Hospitalization!A4:K2346,8,TRUE) -> 6529.21 | R4: =VLOOKUP(HealthCare!A4,Hospitalization!A4:K2346,9,TRUE) -> tier - 2
A5: Id4 | B5: =VLOOKUP(A5,'Customer Names'!A5:E1323,3,TRUE) -> Ms | C5: =VLOOKUP(A5,'Customer Names'!A3:E828,4,FALSE) -> Osborne | D5: =VLOOKUP(HealthCare!A5,Medical_Examinations!A4:J2339,2,TRUE) -> 17.58 | E5: =VLOOKUP(HealthCare!A5,Medical_Examinations!A4:J2339,4,TRUE) -> 4.51 | F5: =VLOOKUP(A5,Medical_Examinations!A4:J2339,6,TRUE) -> No | G5: =VLOOKUP(A5,Medical_Examinations!A4:J2339,7,TRUE) -> No | H5: =VLOOKUP(A5,Medical_Examinations!A4:J2339,8,TRUE) -> No | I5: =VLOOKUP(A5,Medical_Examinations!A4:J2339,9,TRUE) -> 1 | J5: =VLOOKUP(A5,Medical_Examinations!A4:J2339,10,TRUE) -> No | K5: =VLOOKUP(A5,Medical_Examinations!A4:J2339,3,TRUE) -> Underweight | L5: =VLOOKUP(A5,Medical_Examinations!A4:J2339,5,TRUE) -> Normal | M5: =VLOOKUP(A5,Hospitalization!A5:K2347,5,FALSE) -> 34130 | N5: =VLOOKUP(A5,Hospitalization!A5:K2347,6,FALSE) -> 45 | O5: =VLOOKUP(A5,Hospitalization!A5:K2347,11) -> R1021 | P5: =VLOOKUP(A5,Hospitalization!A5:K2347,10,TRUE) -> tier - 1 | Q5: =VLOOKUP(A5,Hospitalization!A5:K2347,8,TRUE) -> 5748.13 | R5: =VLOOKUP(HealthCare!A5,Hospitalization!A5:K2347,9,TRUE) -> tier - 2
A6: Id5 | B6: =VLOOKUP(A6,'Customer Names'!A6:E1324,3,TRUE) -> Ms | C6: =VLOOKUP(A6,'Customer Names'!A4:E829,4,FALSE) -> Kadala | D6: =VLOOKUP(HealthCare!A6,Medical_Examinations!A5:J2340,2,TRUE) -> 17.58 | E6: =VLOOKUP(HealthCare!A6,Medical_Examinations!A5:J2340,4,TRUE) -> 4.51 | F6: =VLOOKUP(A6,Medical_Examinations!A5:J2340,6,TRUE) -> No | G6: =VLOOKUP(A6,Medical_Examinations!A5:J2340,7,TRUE) -> No | H6: =VLOOKUP(A6,Medical_Examinations!A5:J2340,8,TRUE) -> No | I6: =VLOOKUP(A6,Medical_Examinations!A5:J2340,9,TRUE) -> 1 | J6: =VLOOKUP(A6,Medical_Examinations!A5:J2340,10,TRUE) -> No | K6: =VLOOKUP(A6,Medical_Examinations!A5:J2340,3,TRUE) -> Underweight | L6: =VLOOKUP(A6,Medical_Examinations!A5:J2340,5,TRUE) -> Normal | M6: =VLOOKUP(A6,Hospitalization!A6:K2348,5,FALSE) -> 32409 | N6: =VLOOKUP(A6,Hospitalization!A6:K2348,6,FALSE) -> 62 | O6: =VLOOKUP(A6,Hospitalization!A6:K2348,11) -> R1012 | P6: =VLOOKUP(A6,Hospitalization!A6:K2348,10,TRUE) -> tier - 3 | Q6: =VLOOKUP(A6,Hospitalization!A6:K2348,8,TRUE) -> 4894.75 | R6: =VLOOKUP(HealthCare!A6,Hospitalization!A6:K2348,9,TRUE) -> tier - 3
A7: Id6 | B7: =VLOOKUP(A7,'Customer Names'!A7:E1325,3,TRUE) -> Ms | C7: =VLOOKUP(A7,'Customer Names'!A5:E830,4,FALSE) -> Baker | D7: =VLOOKUP(HealthCare!A7,Medical_Examinations!A6:J2341,2,TRUE) -> 17.58 | E7: =VLOOKUP(HealthCare!A7,Medical_Examinations!A6:J2341,4,TRUE) -> 4.51 | F7: =VLOOKUP(A7,Medical_Examinations!A6:J2341,6,TRUE) -> No | G7: =VLOOKUP(A7,Medical_Examinations!A6:J2341,7,TRUE) -> No | H7: =VLOOKUP(A7,Medical_Examinations!A6:J2341,8,TRUE) -> No | I7: =VLOOKUP(A7,Medical_Examinations!A6:J2341,9,TRUE) -> 1 | J7: =VLOOKUP(A7,Medical_Examinations!A6:J2341,10,TRUE) -> No | K7: =VLOOKUP(A7,Medical_Examinations!A6:J2341,3,TRUE) -> Underweight | L7: =VLOOKUP(A7,Medical_Examinations!A6:J2341,5,TRUE) -> Normal | M7: =VLOOKUP(A7,Hospitalization!A7:K2349,5,FALSE) -> 33208 | N7: =VLOOKUP(A7,Hospitalization!A7:K2349,6,FALSE) -> 23 | O7: =VLOOKUP(A7,Hospitalization!A7:K2349,11) -> R1013 | P7: =VLOOKUP(A7,Hospitalization!A7:K2349,10,TRUE) -> tier - 2 | Q7: =VLOOKUP(A7,Hospitalization!A7:K2349,8,TRUE) -> 4074.45 | R7: =VLOOKUP(HealthCare!A7,Hospitalization!A7:K2349,9,TRUE) -> tier - 3
A8: Id7 | B8: =VLOOKUP(A8,'Customer Names'!A8:E1326,3,TRUE) -> Ms | C8: =VLOOKUP(A8,'Customer Names'!A6:E831,4,FALSE) -> Macpherson | D8: =VLOOKUP(HealthCare!A8,Medical_Examinations!A7:J2342,2,TRUE) -> 17.58 | E8: =VLOOKUP(HealthCare!A8,Medical_Examinations!A7:J2342,4,TRUE) -> 4.51 | F8: =VLOOKUP(A8,Medical_Examinations!A7:J2342,6,TRUE) -> No | G8: =VLOOKUP(A8,Medical_Examinations!A7:J2342,7,TRUE) -> No | H8: =VLOOKUP(A8,Medical_Examinations!A7:J2342,8,TRUE) -> No | I8: =VLOOKUP(A8,Medical_Examinations!A7:J2342,9,TRUE) -> 1 | J8: =VLOOKUP(A8,Medical_Examinations!A7:J2342,10,TRUE) -> No | K8: =VLOOKUP(A8,Medical_Examinations!A7:J2342,3,TRUE) -> Underweight | L8: =VLOOKUP(A8,Medical_Examinations!A7:J2342,5,TRUE) -> Normal | M8: =VLOOKUP(A8,Hospitalization!A8:K2350,5,FALSE) -> 35349 | N8: =VLOOKUP(A8,Hospitalization!A8:K2350,6,FALSE) -> 66 | O8: =VLOOKUP(A8,Hospitalization!A8:K2350,11) -> R1012 | P8: =VLOOKUP(A8,Hospitalization!A8:K2350,10,TRUE) -> tier - 3 | Q8: =VLOOKUP(A8,Hospitalization!A8:K2350,8,TRUE) -> 3201.25 | R8: =VLOOKUP(HealthCare!A8,Hospitalization!A8:K2350,9,TRUE) -> tier - 2
A9: Id8 | B9: =VLOOKUP(A9,'Customer Names'!A9:E1327,3,TRUE) -> Ms | C9: =VLOOKUP(A9,'Customer Names'!A7:E832,4,FALSE) -> Hallman | D9: =VLOOKUP(HealthCare!A9,Medical_Examinations!A8:J2343,2,TRUE) -> 17.58 | E9: =VLOOKUP(HealthCare!A9,Medical_Examinations!A8:J2343,4,TRUE) -> 4.51 | F9: =VLOOKUP(A9,Medical_Examinations!A8:J2343,6,TRUE) -> No | G9: =VLOOKUP(A9,Medical_Examinations!A8:J2343,7,TRUE) -> No | H9: =VLOOKUP(A9,Medical_Examinations!A8:J2343,8,TRUE) -> No | I9: =VLOOKUP(A9,Medical_Examinations!A8:J2343,9,TRUE) -> 1 | J9: =VLOOKUP(A9,Medical_Examinations!A8:J2343,10,TRUE) -> No | K9: =VLOOKUP(A9,Medical_Examinations!A8:J2343,3,TRUE) -> Underweight | L9: =VLOOKUP(A9,Medical_Examinations!A8:J2343,5,TRUE) -> Normal | M9: =VLOOKUP(A9,Hospitalization!A9:K2351,5,FALSE) -> 38195 | N9: =VLOOKUP(A9,Hospitalization!A9:K2351,6,FALSE) -> 44 | O9: =VLOOKUP(A9,Hospitalization!A9:K2351,11) -> R1024 | P9: =VLOOKUP(A9,Hospitalization!A9:K2351,10,TRUE) -> tier - 2 | Q9: =VLOOKUP(A9,Hospitalization!A9:K2351,8,TRUE) -> 2211.13 | R9: =VLOOKUP(HealthCare!A9,Hospitalization!A9:K2351,9,TRUE) -> tier - 2
A10: Id9 | B10: =VLOOKUP(A10,'Customer Names'!A10:E1328,3,TRUE) -> Mr | C10: =VLOOKUP(A10,'Customer Names'!A8:E833,4,FALSE) -> Moran | D10: =VLOOKUP(HealthCare!A10,Medical_Examinations!A9:J2344,2,TRUE) -> 17.58 | E10: =VLOOKUP(HealthCare!A10,Medical_Examinations!A9:J2344,4,TRUE) -> 4.51 | F10: =VLOOKUP(A10,Medical_Examinations!A9:J2344,6,TRUE) -> No | G10: =VLOOKUP(A10,Medical_Examinations!A9:J2344,7,TRUE) -> No | H10: =VLOOKUP(A10,Medical_Examinations!A9:J2344,8,TRUE) -> No | I10: =VLOOKUP(A10,Medical_Examinations!A9:J2344,9,TRUE) -> 1 | J10: =VLOOKUP(A10,Medical_Examinations!A9:J2344,10,TRUE) -> No | K10: =VLOOKUP(A10,Medical_Examinations!A9:J2344,3,TRUE) -> Underweight | L10: =VLOOKUP(A10,Medical_Examinations!A9:J2344,5,TRUE) -> Normal | M10: =VLOOKUP(A10,Hospitalization!A10:K2352,5,FALSE) -> 33869 | N10: =VLOOKUP(A10,Hospitalization!A10:K2352,6,FALSE) -> 23 | O10: =VLOOKUP(A10,Hospitalization!A10:K2352,11) -> R1013 | P10: =VLOOKUP(A10,Hospitalization!A10:K2352,10,TRUE) -> tier - 1 | Q10: =VLOOKUP(A10,Hospitalization!A10:K2352,8,TRUE) -> 1566.88 | R10: =VLOOKUP(HealthCare!A10,Hospitalization!A10:K2352,9,TRUE) -> tier - 2
A11: Id10 | B11: =VLOOKUP(A11,'Customer Names'!A11:E1329,3,TRUE) -> Ms | C11: =VLOOKUP(A11,'Customer Names'!A9:E834,4,FALSE) -> Benner | D11: =VLOOKUP(HealthCare!A11,Medical_Examinations!A10:J2345,2,TRUE) -> 38.06 | E11: =VLOOKUP(HealthCare!A11,Medical_Examinations!A10:J2345,4,TRUE) -> 10.79 | F11: =VLOOKUP(A11,Medical_Examinations!A10:J2345,6,TRUE) -> No | G11: =VLOOKUP(A11,Medical_Examinations!A10:J2345,7,TRUE) -> No | H11: =VLOOKUP(A11,Medical_Examinations!A10:J2345,8,TRUE) -> No | I11: =VLOOKUP(A11,Medical_Examinations!A10:J2345,9,TRUE) -> 0 | J11: =VLOOKUP(A11,Medical_Examinations!A10:J2345,10,TRUE) -> yes | K11: =VLOOKUP(A11,Medical_Examinations!A10:J2345,3,TRUE) -> Obesity | L11: =VLOOKUP(A11,Medical_Examinations!A10:J2345,5,TRUE) -> Diabetes | M11: =VLOOKUP(A11,Hospitalization!A2:K2344,5,TRUE) -> 28284 | N11: =VLOOKUP(A11,Hospitalization!A2:K2344,6,FALSE) -> 28 | O11: =VLOOKUP(A2,Hospitalization!A2:K2344,11,FALSE) -> R1013 | P11: =VLOOKUP(A11,Hospitalization!A2:K2344,10,TRUE) -> tier - 3 | Q11: =VLOOKUP(A11,Hospitalization!A2:K2344,8,TRUE) -> 62592.87 | R11: =VLOOKUP(A11,Hospitalization!A2:K2344,9,TRUE) -> tier - 2
A12: Id11 | B12: =VLOOKUP(A12,'Customer Names'!A12:E1330,3,TRUE) -> Ms | C12: =VLOOKUP(A12,'Customer Names'!A10:E835,4,FALSE) -> Fierro Vargas | D12: =VLOOKUP(HealthCare!A12,Medical_Examinations!A11:J2346,2,TRUE) -> 37.7 | E12: =VLOOKUP(HealthCare!A12,Medical_Examinations!A11:J2346,4,TRUE) -> 5.96 | F12: =VLOOKUP(A12,Medical_Examinations!A11:J2346,6,TRUE) -> yes | G12: =VLOOKUP(A12,Medical_Examinations!A11:J2346,7,TRUE) -> No | H12: =VLOOKUP(A12,Medical_Examinations!A11:J2346,8,TRUE) -> No | I12: =VLOOKUP(A12,Medical_Examinations!A11:J2346,9,TRUE) -> 2 | J12: =VLOOKUP(A12,Medical_Examinations!A11:J2346,10,TRUE) -> yes | K12: =VLOOKUP(A12,Medical_Examinations!A11:J2346,3,TRUE) -> Obesity | L12: =VLOOKUP(A12,Medical_Examinations!A11:J2346,5,TRUE) -> Prediabetes | M12: =VLOOKUP(A12,Hospitalization!A12:K2354,5,FALSE) -> 31245 | N12: =VLOOKUP(A12,Hospitalization!A12:K2354,6,FALSE) -> 25 | O12: =VLOOKUP(A3,Hospitalization!A3:K2345,11,FALSE) -> R1011 | P12: =VLOOKUP(A12,Hospitalization!A12:K2354,10,TRUE) -> tier - 1 | Q12: =VLOOKUP(A12,Hospitalization!A12:K2354,8,TRUE) -> 39836.52 | R12: =VLOOKUP(HealthCare!A12,Hospitalization!A12:K2354,9,TRUE) -> tier - 2
A13: Id12 | B13: =VLOOKUP(A13,'Customer Names'!A13:E1331,3,TRUE) -> Mr | C13: =VLOOKUP(A13,'Customer Names'!A11:E836,4,FALSE) -> Franz | D13: =VLOOKUP(HealthCare!A13,Medical_Examinations!A12:J2347,2,TRUE) -> 35.97 | E13: =VLOOKUP(HealthCare!A13,Medical_Examinations!A12:J2347,4,TRUE) -> 8.13 | F13: =VLOOKUP(A13,Medical_Examinations!A12:J2347,6,TRUE) -> No | G13: =VLOOKUP(A13,Medical_Examinations!A12:J2347,7,TRUE) -> No | H13: =VLOOKUP(A13,Medical_Examinations!A12:J2347,8,TRUE) -> No | I13: =VLOOKUP(A13,Medical_Examinations!A12:J2347,9,TRUE) -> 0 | J13: =VLOOKUP(A13,Medical_Examinations!A12:J2347,10,TRUE) -> No | K13: =VLOOKUP(A13,Medical_Examinations!A12:J2347,3,TRUE) -> Obesity | L13: =VLOOKUP(A13,Medical_Examinations!A12:J2347,5,TRUE) -> Diabetes | M13: =VLOOKUP(A13,Hospitalization!A13:K2355,5,FALSE) -> 24836 | N13: =VLOOKUP(A13,Hospitalization!A13:K2355,6,FALSE) -> 22 | O13: =VLOOKUP(A4,Hospitalization!A4:K2346,11,FALSE) -> R1013 | P13: =VLOOKUP(A13,Hospitalization!A13:K2355,10,TRUE) -> tier - 2 | Q13: =VLOOKUP(A13,Hospitalization!A13:K2355,8,TRUE) -> 35160.13 | R13: =VLOOKUP(HealthCare!A13,Hospitalization!A13:K2355,9,TRUE) -> tier - 2
A14: Id13 | B14: =VLOOKUP(A14,'Customer Names'!A14:E1332,3,TRUE) -> Mr | C14: =VLOOKUP(A14,'Customer Names'!A12:E837,4,FALSE) -> Foster | D14: =VLOOKUP(HealthCare!A14,Medical_Examinations!A13:J2348,2,TRUE) -> 20.75 | E14: =VLOOKUP(HealthCare!A14,Medical_Examinations!A13:J2348,4,TRUE) -> 5.18 | F14: =VLOOKUP(A14,Medical_Examinations!A13:J2348,6,TRUE) -> yes | G14: =VLOOKUP(A14,Medical_Examinations!A13:J2348,7,TRUE) -> No | H14: =VLOOKUP(A14,Medical_Examinations!A13:J2348,8,TRUE) -> No | I14: =VLOOKUP(A14,Medical_Examinations!A13:J2348,9,TRUE) -> 2 | J14: =VLOOKUP(A14,Medical_Examinations!A13:J2348,10,TRUE) -> No | K14: =VLOOKUP(A14,Medical_Examinations!A13:J2348,3,TRUE) -> Normal Weight | L14: =VLOOKUP(A14,Medical_Examinations!A13:J2348,5,TRUE) -> Normal | M14: =VLOOKUP(A14,Hospitalization!A14:K2356,5,FALSE) -> 35966 | N14: =VLOOKUP(A14,Hospitalization!A14:K2356,6,FALSE) -> 30 | O14: =VLOOKUP(A5,Hospitalization!A5:K2347,11,FALSE) -> R1021 | P14: =VLOOKUP(A14,Hospitalization!A14:K2356,10,TRUE) -> tier - 2 | Q14: =VLOOKUP(A14,Hospitalization!A14:K2356,8,TRUE) -> 29760.6 | R14: =VLOOKUP(HealthCare!A14,Hospitalization!A14:K2356,9,TRUE) -> tier - 1
A15: Id14 | B15: =VLOOKUP(A15,'Customer Names'!A15:E1333,3,TRUE) -> Mr | C15: =VLOOKUP(A15,'Customer Names'!A13:E838,4,FALSE) -> Tenorio | D15: =VLOOKUP(HealthCare!A15,Medical_Examinations!A14:J2349,2,TRUE) -> 29.48 | E15: =VLOOKUP(HealthCare!A15,Medical_Examinations!A14:J2349,4,TRUE) -> 4.91 | F15: =VLOOKUP(A15,Medical_Examinations!A14:J2349,6,TRUE) -> No | G15: =VLOOKUP(A15,Medical_Examinations!A14:J2349,7,TRUE) -> No | H15: =VLOOKUP(A15,Medical_Examinations!A14:J2349,8,TRUE) -> No | I15: =VLOOKUP(A15,Medical_Examinations!A14:J2349,9,TRUE) -> 0 | J15: =VLOOKUP(A15,Medical_Examinations!A14:J2349,10,TRUE) -> No | K15: =VLOOKUP(A15,Medical_Examinations!A14:J2349,3,TRUE) -> Overweight | L15: =VLOOKUP(A15,Medical_Examinations!A14:J2349,5,TRUE) -> Normal | M15: =VLOOKUP(A15,Hospitalization!A15:K2357,5,FALSE) -> 35649 | N15: =VLOOKUP(A15,Hospitalization!A15:K2357,6,FALSE) -> 33 | O15: =VLOOKUP(A6,Hospitalization!A6:K2348,11,FALSE) -> R1012 | P15: =VLOOKUP(A15,Hospitalization!A15:K2357,10,TRUE) -> tier - 3 | Q15: =VLOOKUP(A15,Hospitalization!A15:K2357,8,TRUE) -> 23241.47 | R15: =VLOOKUP(HealthCare!A15,Hospitalization!A15:K2357,9,TRUE) -> tier - 2
A16: Id15 | B16: =VLOOKUP(A16,'Customer Names'!A16:E1334,3,TRUE) -> Ms | C16: =VLOOKUP(A16,'Customer Names'!A14:E839,4,FALSE) -> Rios | D16: =VLOOKUP(HealthCare!A16,Medical_Examinations!A15:J2350,2,TRUE) -> 22.58 | E16: =VLOOKUP(HealthCare!A16,Medical_Examinations!A15:J2350,4,TRUE) -> 7.46 | F16: =VLOOKUP(A16,Medical_Examinations!A15:J2350,6,TRUE) -> No | G16: =VLOOKUP(A16,Medical_Examinations!A15:J2350,7,TRUE) -> No | H16: =VLOOKUP(A16,Medical_Examinations!A15:J2350,8,TRUE) -> No | I16: =VLOOKUP(A16,Medical_Examinations!A15:J2350,9,TRUE) -> 0 | J16: =VLOOKUP(A16,Medical_Examinations!A15:J2350,10,TRUE) -> No | K16: =VLOOKUP(A16,Medical_Examinations!A15:J2350,3,TRUE) -> Normal Weight | L16: =VLOOKUP(A16,Medical_Examinations!A15:J2350,5,TRUE) -> Diabetes | M16: =VLOOKUP(A16,Hospitalization!A16:K2358,5,FALSE) -> 32846 | N16: =VLOOKUP(A16,Hospitalization!A16:K2358,6,FALSE) -> 39 | O16: =VLOOKUP(A7,Hospitalization!A7:K2349,11,FALSE) -> R1013 | P16: =VLOOKUP(A16,Hospitalization!A16:K2358,10,TRUE) -> tier - 2 | Q16: =VLOOKUP(A16,Hospitalization!A16:K2358,8,TRUE) -> 17904.53 | R16: =VLOOKUP(HealthCare!A16,Hospitalization!A16:K2358,9,TRUE) -> tier - 1
A17: Id16 | B17: =VLOOKUP(A17,'Customer Names'!A17:E1335,3,TRUE) -> Mr | C17: =VLOOKUP(A17,'Customer Names'!A15:E840,4,FALSE) -> Viau-Dupuis | D17: =VLOOKUP(HealthCare!A17,Medical_Examinations!A16:J2351,2,TRUE) -> 19.21 | E17: =VLOOKUP(HealthCare!A17,Medical_Examinations!A16:J2351,4,TRUE) -> 5.52 | F17: =VLOOKUP(A17,Medical_Examinations!A16:J2351,6,TRUE) -> No | G17: =VLOOKUP(A17,Medical_Examinations!A16:J2351,7,TRUE) -> No | H17: =VLOOKUP(A17,Medical_Examinations!A16:J2351,8,TRUE) -> No | I17: =VLOOKUP(A17,Medical_Examinations!A16:J2351,9,TRUE) -> 2 | J17: =VLOOKUP(A17,Medical_Examinations!A16:J2351,10,TRUE) -> No | K17: =VLOOKUP(A17,Medical_Examinations!A16:J2351,3,TRUE) -> Normal Weight | L17: =VLOOKUP(A17,Medical_Examinations!A16:J2351,5,TRUE) -> Normal | M17: =VLOOKUP(A17,Hospitalization!A17:K2359,5,FALSE) -> 25150 | N17: =VLOOKUP(A17,Hospitalization!A17:K2359,6,FALSE) -> 45 | O17: =VLOOKUP(A8,Hospitalization!A8:K2350,11,FALSE) -> R1012 | P17: =VLOOKUP(A17,Hospitalization!A17:K2359,10,TRUE) -> tier - 2 | Q17: =VLOOKUP(A17,Hospitalization!A17:K2359,8,TRUE) -> 14926.97 | R17: =VLOOKUP(HealthCare!A17,Hospitalization!A17:K2359,9,TRUE) -> tier - 2
A18: Id17 | B18: =VLOOKUP(A18,'Customer Names'!A18:E1336,3,TRUE) -> Ms | C18: =VLOOKUP(A18,'Customer Names'!A16:E841,4,FALSE) -> Cronin | D18: =VLOOKUP(HealthCare!A18,Medical_Examinations!A17:J2352,2,TRUE) -> 41.69 | E18: =VLOOKUP(HealthCare!A18,Medical_Examinations!A17:J2352,4,TRUE) -> 5.78 | F18: =VLOOKUP(A18,Medical_Examinations!A17:J2352,6,TRUE) -> No | G18: =VLOOKUP(A18,Medical_Examinations!A17:J2352,7,TRUE) -> No | H18: =VLOOKUP(A18,Medical_Examinations!A17:J2352,8,TRUE) -> No | I18: =VLOOKUP(A18,Medical_Examinations!A17:J2352,9,TRUE) -> 0 | J18: =VLOOKUP(A18,Medical_Examinations!A17:J2352,10,TRUE) -> No | K18: =VLOOKUP(A18,Medical_Examinations!A17:J2352,3,TRUE) -> Obesity | L18: =VLOOKUP(A18,Medical_Examinations!A17:J2352,5,TRUE) -> Prediabetes | M18: =VLOOKUP(A18,Hospitalization!A18:K2360,5,FALSE) -> 21893 | N18: =VLOOKUP(A18,Hospitalization!A18:K2360,6,FALSE) -> 46 | O18: =VLOOKUP(A9,Hospitalization!A9:K2351,11,FALSE) -> R1024 | P18: =VLOOKUP(A18,Hospitalization!A18:K2360,10,TRUE) -> tier - 3 | Q18: =VLOOKUP(A18,Hospitalization!A18:K2360,8,TRUE) -> 13390.56 | R18: =VLOOKUP(HealthCare!A18,Hospitalization!A18:K2360,9,TRUE) -> tier - 3
A19: Id18 | B19: =VLOOKUP(A19,'Customer Names'!A19:E1337,3,TRUE) -> Ms | C19: =VLOOKUP(A19,'Customer Names'!A17:E842,4,FALSE) -> Noordstar | D19: =VLOOKUP(HealthCare!A19,Medical_Examinations!A18:J2353,2,TRUE) -> 18.5 | E19: =VLOOKUP(HealthCare!A19,Medical_Examinations!A18:J2353,4,TRUE) -> 5.33 | F19: =VLOOKUP(A19,Medical_Examinations!A18:J2353,6,TRUE) -> No | G19: =VLOOKUP(A19,Medical_Examinations!A18:J2353,7,TRUE) -> No | H19: =VLOOKUP(A19,Medical_Examinations!A18:J2353,8,TRUE) -> No | I19: =VLOOKUP(A19,Medical_Examinations!A18:J2353,9,TRUE) -> 0 | J19: =VLOOKUP(A19,Medical_Examinations!A18:J2353,10,TRUE) -> No | K19: =VLOOKUP(A19,Medical_Examinations!A18:J2353,3,TRUE) -> Normal Weight | L19: =VLOOKUP(A19,Medical_Examinations!A18:J2353,5,TRUE) -> Normal | M19: =VLOOKUP(A19,Hospitalization!A19:K2361,5,FALSE) -> 23560 | N19: =VLOOKUP(A19,Hospitalization!A19:K2361,6,FALSE) -> 59 | O19: =VLOOKUP(A10,Hospitalization!A10:K2352,11,FALSE) -> R1013 | P19: =VLOOKUP(A19,Hospitalization!A19:K2361,10,TRUE) -> tier - 1 | Q19: =VLOOKUP(A19,Hospitalization!A19:K2361,8,TRUE) -> 12224.35 | R19: =VLOOKUP(HealthCare!A19,Hospitalization!A19:K2361,9,TRUE) -> tier - 3
A20: Id19 | B20: =VLOOKUP(A20,'Customer Names'!A20:E1338,3,TRUE) -> Ms | C20: =VLOOKUP(A20,'Customer Names'!A18:E843,4,FALSE) -> Boudalia | D20: =VLOOKUP(HealthCare!A20,Medical_Examinations!A19:J2354,2,TRUE) -> 21.24 | E20: =VLOOKUP(HealthCare!A20,Medical_Examinations!A19:J2354,4,TRUE) -> 4.49 | F20: =VLOOKUP(A20,Medical_Examinations!A19:J2354,6,TRUE) -> No | G20: =VLOOKUP(A20,Medical_Examinations!A19:J2354,7,TRUE) -> No | H20: =VLOOKUP(A20,Medical_Examinations!A19:J2354,8,TRUE) -> No | I20: =VLOOKUP(A20,Medical_Examinations!A19:J2354,9,TRUE) -> 0 | J20: =VLOOKUP(A20,Medical_Examinations!A19:J2354,10,TRUE) -> No | K20: =VLOOKUP(A20,Medical_Examinations!A19:J2354,3,TRUE) -> Normal Weight | L20: =VLOOKUP(A20,Medical_Examinations!A19:J2354,5,TRUE) -> Normal | M20: =VLOOKUP(A20,Hospitalization!A20:K2362,5,FALSE) -> 26293 | N20: =VLOOKUP(A20,Hospitalization!A20:K2362,6,FALSE) -> 53 | O20: =VLOOKUP(A11,Hospitalization!A2:K2344,11,TRUE) -> R1013 | P20: =VLOOKUP(A20,Hospitalization!A20:K2362,10,TRUE) -> tier - 1 | Q20: =VLOOKUP(A20,Hospitalization!A20:K2362,8,TRUE) -> 11265.71 | R20: =VLOOKUP(HealthCare!A20,Hospitalization!A20:K2362,9,TRUE) -> tier - 3
A21: Id20 | B21: =VLOOKUP(A21,'Customer Names'!A21:E1339,3,TRUE) -> Ms | C21: =VLOOKUP(A21,'Customer Names'!A19:E844,4,FALSE) -> Flor | D21: =VLOOKUP(HealthCare!A21,Medical_Examinations!A20:J2355,2,TRUE) -> 40.185 | E21: =VLOOKUP(HealthCare!A21,Medical_Examinations!A20:J2355,4,TRUE) -> 5.88 | F21: =VLOOKUP(A21,Medical_Examinations!A20:J2355,6,TRUE) -> yes | G21: =VLOOKUP(A21,Medical_Examinations!A20:J2355,7,TRUE) -> No | H21: =VLOOKUP(A21,Medical_Examinations!A20:J2355,8,TRUE) -> No | I21: =VLOOKUP(A21,Medical_Examinations!A20:J2355,9,TRUE) -> 0 | J21: =VLOOKUP(A21,Medical_Examinations!A20:J2355,10,TRUE) -> No | K21: =VLOOKUP(A21,Medical_Examinations!A20:J2355,3,TRUE) -> Obesity | L21: =VLOOKUP(A21,Medical_Examinations!A20:J2355,5,TRUE) -> Prediabetes | M21: =VLOOKUP(A21,Hospitalization!A21:K2363,5,FALSE) -> 25926 | N21: =VLOOKUP(A21,Hospitalization!A21:K2363,6,FALSE) -> 36 | O21: =VLOOKUP(A12,Hospitalization!A12:K2354,11,FALSE) -> R1011 | P21: =VLOOKUP(A21,Hospitalization!A21:K2363,10,TRUE) -> tier - 1 | Q21: =VLOOKUP(A21,Hospitalization!A21:K2363,8,TRUE) -> 10197.77 | R21: =VLOOKUP(HealthCare!A21,Hospitalization!A21:K2363,9,TRUE) -> tier - 3
A22: Id21 | B22: =VLOOKUP(A22,'Customer Names'!A22:E1340,3,TRUE) -> Ms | C22: =VLOOKUP(A22,'Customer Names'!A20:E845,4,FALSE) -> Fennon | D22: =VLOOKUP(HealthCare!A22,Medical_Examinations!A21:J2356,2,TRUE) -> 17.67 | E22: =VLOOKUP(HealthCare!A22,Medical_Examinations!A21:J2356,4,TRUE) -> 4.78 | F22: =VLOOKUP(A22,Medical_Examinations!A21:J2356,6,TRUE) -> No | G22: =VLOOKUP(A22,Medical_Examinations!A21:J2356,7,TRUE) -> No | H22: =VLOOKUP(A22,Medical_Examinations!A21:J2356,8,TRUE) -> No | I22: =VLOOKUP(A22,Medical_Examinations!A21:J2356,9,TRUE) -> 0 | J22: =VLOOKUP(A22,Medical_Examinations!A21:J2356,10,TRUE) -> No | K22: =VLOOKUP(A22,Medical_Examinations!A21:J2356,3,TRUE) -> Underweight | L22: =VLOOKUP(A22,Medical_Examinations!A21:J2356,5,TRUE) -> Normal | M22: =VLOOKUP(A22,Hospitalization!A22:K2364,5,FALSE) -> 27734 | N22: =VLOOKUP(A22,Hospitalization!A22:K2364,6,FALSE) -> 53 | O22: =VLOOKUP(A13,Hospitalization!A13:K2355,11,FALSE) -> R1011 | P22: =VLOOKUP(A22,Hospitalization!A22:K2364,10,TRUE) -> tier - 3 | Q22: =VLOOKUP(A22,Hospitalization!A22:K2364,8,TRUE) -> 9225.26 | R22: =VLOOKUP(HealthCare!A22,Hospitalization!A22:K2364,9,TRUE) -> tier - 3
A23: Id22 | B23: =VLOOKUP(A23,'Customer Names'!A23:E1341,3,TRUE) -> Mr | C23: =VLOOKUP(A23,'Customer Names'!A21:E846,4,FALSE) -> Hribar | D23: =VLOOKUP(HealthCare!A23,Medical_Examinations!A22:J2357,2,TRUE) -> 35.53 | E23: =VLOOKUP(HealthCare!A23,Medical_Examinations!A22:J2357,4,TRUE) -> 4.36 | F23: =VLOOKUP(A23,Medical_Examinations!A22:J2357,6,TRUE) -> No | G23: =VLOOKUP(A23,Medical_Examinations!A22:J2357,7,TRUE) -> No | H23: =VLOOKUP(A23,Medical_Examinations!A22:J2357,8,TRUE) -> Yes | I23: =VLOOKUP(A23,Medical_Examinations!A22:J2357,9,TRUE) -> 1 | J23: =VLOOKUP(A23,Medical_Examinations!A22:J2357,10,TRUE) -> No | K23: =VLOOKUP(A23,Medical_Examinations!A22:J2357,3,TRUE) -> Obesity | L23: =VLOOKUP(A23,Medical_Examinations!A22:J2357,5,TRUE) -> Normal | M23: =VLOOKUP(A23,Hospitalization!A23:K2365,5,FALSE) -> 30475 | N23: =VLOOKUP(A23,Hospitalization!A23:K2365,6,FALSE) -> 54 | O23: =VLOOKUP(A14,Hospitalization!A14:K2356,11,FALSE) -> R1011 | P23: =VLOOKUP(A23,Hospitalization!A23:K2365,10,TRUE) -> tier - 2 | Q23: =VLOOKUP(A23,Hospitalization!A23:K2365,8,TRUE) -> 8179.51 | R23: =VLOOKUP(HealthCare!A23,Hospitalization!A23:K2365,9,TRUE) -> tier - 2
A24: Id23 | B24: =VLOOKUP(A24,'Customer Names'!A24:E1342,3,TRUE) -> Ms | C24: =VLOOKUP(A24,'Customer Names'!A22:E847,4,FALSE) -> Tassello | D24: =VLOOKUP(HealthCare!A24,Medical_Examinations!A23:J2358,2,TRUE) -> 15.61 | E24: =VLOOKUP(HealthCare!A24,Medical_Examinations!A23:J2358,4,TRUE) -> 5.28 | F24: =VLOOKUP(A24,Medical_Examinations!A23:J2358,6,TRUE) -> No | G24: =VLOOKUP(A24,Medical_Examinations!A23:J2358,7,TRUE) -> No | H24: =VLOOKUP(A24,Medical_Examinations!A23:J2358,8,TRUE) -> No | I24: =VLOOKUP(A24,Medical_Examinations!A23:J2358,9,TRUE) -> 1 | J24: =VLOOKUP(A24,Medical_Examinations!A23:J2358,10,TRUE) -> No | K24: =VLOOKUP(A24,Medical_Examinations!A23:J2358,3,TRUE) -> Underweight | L24: =VLOOKUP(A24,Medical_Examinations!A23:J2358,5,TRUE) -> Normal | M24: =VLOOKUP(A24,Hospitalization!A24:K2366,5,FALSE) -> 29117 | N24: =VLOOKUP(A24,Hospitalization!A24:K2366,6,FALSE) -> 34 | O24: =VLOOKUP(A15,Hospitalization!A15:K2357,11,FALSE) -> R1018 | P24: =VLOOKUP(A24,Hospitalization!A24:K2366,10,TRUE) -> tier - 3 | Q24: =VLOOKUP(A24,Hospitalization!A24:K2366,8,TRUE) -> 7337.75 | R24: =VLOOKUP(HealthCare!A24,Hospitalization!A24:K2366,9,TRUE) -> tier - 2
A25: Id24 | B25: =VLOOKUP(A25,'Customer Names'!A25:E1343,3,TRUE) -> Ms | C25: =VLOOKUP(A25,'Customer Names'!A23:E848,4,FALSE) -> Mauricette | D25: =VLOOKUP(HealthCare!A25,Medical_Examinations!A24:J2359,2,TRUE) -> 17.58 | E25: =VLOOKUP(HealthCare!A25,Medical_Examinations!A24:J2359,4,TRUE) -> 4.51 | F25: =VLOOKUP(A25,Medical_Examinations!A24:J2359,6,TRUE) -> No | G25: =VLOOKUP(A25,Medical_Examinations!A24:J2359,7,TRUE) -> No | H25: =VLOOKUP(A25,Medical_Examinations!A24:J2359,8,TRUE) -> No | I25: =VLOOKUP(A25,Medical_Examinations!A24:J2359,9,TRUE) -> 1 | J25: =VLOOKUP(A25,Medical_Examinations!A24:J2359,10,TRUE) -> No | K25: =VLOOKUP(A25,Medical_Examinations!A24:J2359,3,TRUE) -> Underweight | L25: =VLOOKUP(A25,Medical_Examinations!A24:J2359,5,TRUE) -> Normal | M25: =VLOOKUP(A25,Hospitalization!A25:K2367,5,FALSE) -> 35001 | N25: =VLOOKUP(A25,Hospitalization!A25:K2367,6,FALSE) -> 61 | O25: =VLOOKUP(A16,Hospitalization!A16:K2358,11,FALSE) -> R1017 | P25: =VLOOKUP(A25,Hospitalization!A25:K2367,10,TRUE) -> tier - 3 | Q25: =VLOOKUP(A25,Hospitalization!A25:K2367,8,TRUE) -> 7042.11 | R25: =VLOOKUP(HealthCare!A25,Hospitalization!A25:K2367,9,TRUE) -> tier - 2
A26: Id25 | B26: =VLOOKUP(A26,'Customer Names'!A26:E1344,3,TRUE) -> Ms | C26: =VLOOKUP(A26,'Customer Names'!A24:E849,4,FALSE) -> Garcia | D26: =VLOOKUP(HealthCare!A26,Medical_Examinations!A25:J2360,2,TRUE) -> 17.58 | E26: =VLOOKUP(HealthCare!A26,Medical_Examinations!A25:J2360,4,TRUE) -> 4.51 | F26: =VLOOKUP(A26,Medical_Examinations!A25:J2360,6,TRUE) -> No | G26: =VLOOKUP(A26,Medical_Examinations!A25:J2360,7,TRUE) -> No | H26: =VLOOKUP(A26,Medical_Examinations!A25:J2360,8,TRUE) -> No | I26: =VLOOKUP(A26,Medical_Examinations!A25:J2360,9,TRUE) -> 1 | J26: =VLOOKUP(A26,Medical_Examinations!A25:J2360,10,TRUE) -> No | K26: =VLOOKUP(A26,Medical_Examinations!A25:J2360,3,TRUE) -> Underweight | L26: =VLOOKUP(A26,Medical_Examinations!A25:J2360,5,TRUE) -> Normal | M26: =VLOOKUP(A26,Hospitalization!A26:K2368,5,FALSE) -> 30930 | N26: =VLOOKUP(A26,Hospitalization!A26:K2368,6,FALSE) -> 38 | O26: =VLOOKUP(A17,Hospitalization!A17:K2359,11,FALSE) -> R1012 | P26: =VLOOKUP(A26,Hospitalization!A26:K2368,10,TRUE) -> tier - 3 | Q26: =VLOOKUP(A26,Hospitalization!A26:K2368,8,TRUE) -> 6933.24 | R26: =VLOOKUP(HealthCare!A26,Hospitalization!A26:K2368,9,TRUE) -> tier - 2
A27: Id26 | B27: =VLOOKUP(A27,'Customer Names'!A27:E1345,3,TRUE) -> Mr | C27: =VLOOKUP(A27,'Customer Names'!A25:E850,4,FALSE) -> Airoldi | D27: =VLOOKUP(HealthCare!A27,Medical_Examinations!A26:J2361,2,TRUE) -> 17.58 | E27: =VLOOKUP(HealthCare!A27,Medical_Examinations!A26:J2361,4,TRUE) -> 4.51 | F27: =VLOOKUP(A27,Medical_Examinations!A26:J2361,6,TRUE) -> No | G27: =VLOOKUP(A27,Medical_Examinations!A26:J2361,7,TRUE) -> No | H27: =VLOOKUP(A27,Medical_Examinations!A26:J2361,8,TRUE) -> No | I27: =VLOOKUP(A27,Medical_Examinations!A26:J2361,9,TRUE) -> 1 | J27: =VLOOKUP(A27,Medical_Examinations!A26:J2361,10,TRUE) -> No | K27: =VLOOKUP(A27,Medical_Examinations!A26:J2361,3,TRUE) -> Underweight | L27: =VLOOKUP(A27,Medical_Examinations!A26:J2361,5,TRUE) -> Normal | M27: =VLOOKUP(A27,Hospitalization!A27:K2369,5,FALSE) -> 29051 | N27: =VLOOKUP(A27,Hospitalization!A27:K2369,6,FALSE) -> 33 | O27: =VLOOKUP(A18,Hospitalization!A18:K2360,11,FALSE) -> R1011 | P27: =VLOOKUP(A27,Hospitalization!A27:K2369,10,TRUE) -> tier - 1 | Q27: =VLOOKUP(A27,Hospitalization!A27:K2369,8,TRUE) -> 6837.37 | R27: =VLOOKUP(HealthCare!A27,Hospitalization!A27:K2369,9,TRUE) -> tier - 3
A28: Id27 | B28: =VLOOKUP(A28,'Customer Names'!A28:E1346,3,TRUE) -> Mr | C28: =VLOOKUP(A28,'Customer Names'!A26:E851,4,FALSE) -> Cater-Cyker | D28: =VLOOKUP(HealthCare!A28,Medical_Examinations!A27:J2362,2,TRUE) -> 17.58 | E28: =VLOOKUP(HealthCare!A28,Medical_Examinations!A27:J2362,4,TRUE) -> 4.51 | F28: =VLOOKUP(A28,Medical_Examinations!A27:J2362,6,TRUE) -> No | G28: =VLOOKUP(A28,Medical_Examinations!A27:J2362,7,TRUE) -> No | H28: =VLOOKUP(A28,Medical_Examinations!A27:J2362,8,TRUE) -> No | I28: =VLOOKUP(A28,Medical_Examinations!A27:J2362,9,TRUE) -> 1 | J28: =VLOOKUP(A28,Medical_Examinations!A27:J2362,10,TRUE) -> No | K28: =VLOOKUP(A28,Medical_Examinations!A27:J2362,3,TRUE) -> Underweight | L28: =VLOOKUP(A28,Medical_Examinations!A27:J2362,5,TRUE) -> Normal | M28: =VLOOKUP(A28,Hospitalization!A28:K2370,5,FALSE) -> 25736 | N28: =VLOOKUP(A28,Hospitalization!A28:K2370,6,FALSE) -> 66 | O28: =VLOOKUP(A19,Hospitalization!A19:K2361,11,FALSE) -> R1012 | P28: =VLOOKUP(A28,Hospitalization!A28:K2370,10,TRUE) -> tier - 1 | Q28: =VLOOKUP(A28,Hospitalization!A28:K2370,8,TRUE) -> 6749.63 | R28: =VLOOKUP(HealthCare!A28,Hospitalization!A28:K2370,9,TRUE) -> tier - 2
A29: Id28 | B29: =VLOOKUP(A29,'Customer Names'!A29:E1347,3,TRUE) -> Ms | C29: =VLOOKUP(A29,'Customer Names'!A27:E852,4,FALSE) -> Hamm | D29: =VLOOKUP(HealthCare!A29,Medical_Examinations!A28:J2363,2,TRUE) -> 17.58 | E29: =VLOOKUP(HealthCare!A29,Medical_Examinations!A28:J2363,4,TRUE) -> 4.51 | F29: =VLOOKUP(A29,Medical_Examinations!A28:J2363,6,TRUE) -> No | G29: =VLOOKUP(A29,Medical_Examinations!A28:J2363,7,TRUE) -> No | H29: =VLOOKUP(A29,Medical_Examinations!A28:J2363,8,TRUE) -> No | I29: =VLOOKUP(A29,Medical_Examinations!A28:J2363,9,TRUE) -> 1 | J29: =VLOOKUP(A29,Medical_Examinations!A28:J2363,10,TRUE) -> No | K29: =VLOOKUP(A29,Medical_Examinations!A28:J2363,3,TRUE) -> Underweight | L29: =VLOOKUP(A29,Medical_Examinations!A28:J2363,5,TRUE) -> Normal | M29: =VLOOKUP(A29,Hospitalization!A29:K2371,5,FALSE) -> 29846 | N29: =VLOOKUP(A29,Hospitalization!A29:K2371,6,FALSE) -> 64 | O29: =VLOOKUP(A20,Hospitalization!A20:K2362,11,FALSE) -> R1025 | P29: =VLOOKUP(A29,Hospitalization!A29:K2371,10,TRUE) -> tier - 1 | Q29: =VLOOKUP(A29,Hospitalization!A29:K2371,8,TRUE) -> 6664.69 | R29: =VLOOKUP(HealthCare!A29,Hospitalization!A29:K2371,9,TRUE) -> tier - 3
A30: Id29 | B30: =VLOOKUP(A30,'Customer Names'!A30:E1348,3,TRUE) -> Mr | C30: =VLOOKUP(A30,'Customer Names'!A28:E853,4,FALSE) -> Cox | D30: =VLOOKUP(HealthCare!A30,Medical_Examinations!A29:J2364,2,TRUE) -> 17.58 | E30: =VLOOKUP(HealthCare!A30,Medical_Examinations!A29:J2364,4,TRUE) -> 4.51 | F30: =VLOOKUP(A30,Medical_Examinations!A29:J2364,6,TRUE) -> No | G30: =VLOOKUP(A30,Medical_Examinations!A29:J2364,7,TRUE) -> No | H30: =VLOOKUP(A30,Medical_Examinations!A29:J2364,8,TRUE) -> No | I30: =VLOOKUP(A30,Medical_Examinations!A29:J2364,9,TRUE) -> 1 | J30: =VLOOKUP(A30,Medical_Examinations!A29:J2364,10,TRUE) -> No | K30: =VLOOKUP(A30,Medical_Examinations!A29:J2364,3,TRUE) -> Underweight | L30: =VLOOKUP(A30,Medical_Examinations!A29:J2364,5,TRUE) -> Normal | M30: =VLOOKUP(A30,Hospitalization!A30:K2372,5,FALSE) -> 30314 | N30: =VLOOKUP(A30,Hospitalization!A30:K2372,6,FALSE) -> 65 | O30: =VLOOKUP(A21,Hospitalization!A21:K2363,11,FALSE) -> R1024 | P30: =VLOOKUP(A30,Hospitalization!A30:K2372,10,TRUE) -> tier - 2 | Q30: =VLOOKUP(A30,Hospitalization!A30:K2372,8,TRUE) -> 6600.21 | R30: =VLOOKUP(HealthCare!A30,Hospitalization!A30:K2372,9,TRUE) -> tier - 3
A31: Id30 | B31: =VLOOKUP(A31,'Customer Names'!A31:E1349,3,TRUE) -> Mr | C31: =VLOOKUP(A31,'Customer Names'!A29:E854,4,FALSE) -> Sachrajda | D31: =VLOOKUP(HealthCare!A31,Medical_Examinations!A30:J2365,2,TRUE) -> 17.58 | E31: =VLOOKUP(HealthCare!A31,Medical_Examinations!A30:J2365,4,TRUE) -> 4.51 | F31: =VLOOKUP(A31,Medical_Examinations!A30:J2365,6,TRUE) -> No | G31: =VLOOKUP(A31,Medical_Examinations!A30:J2365,7,TRUE) -> No | H31: =VLOOKUP(A31,Medical_Examinations!A30:J2365,8,TRUE) -> No | I31: =VLOOKUP(A31,Medical_Examinations!A30:J2365,9,TRUE) -> 1 | J31: =VLOOKUP(A31,Medical_Examinations!A30:J2365,10,TRUE) -> No | K31: =VLOOKUP(A31,Medical_Examinations!A30:J2365,3,TRUE) -> Underweight | L31: =VLOOKUP(A31,Medical_Examinations!A30:J2365,5,TRUE) -> Normal | M31: =VLOOKUP(A31,Hospitalization!A31:K2373,5,FALSE) -> 34522 | N31: =VLOOKUP(A31,Hospitalization!A31:K2373,6,FALSE) -> 36 | O31: =VLOOKUP(A22,Hospitalization!A22:K2364,11,FALSE) -> R1015 | P31: =VLOOKUP(A31,Hospitalization!A31:K2373,10,TRUE) -> tier - 1 | Q31: =VLOOKUP(A31,Hospitalization!A31:K2373,8,TRUE) -> 6512.24 | R31: =VLOOKUP(HealthCare!A31,Hospitalization!A31:K2373,9,TRUE) -> tier - 2
A32: Id31 | B32: =VLOOKUP(A32,'Customer Names'!A32:E1350,3,TRUE) -> Ms | C32: =VLOOKUP(A32,'Customer Names'!A30:E855,4,FALSE) -> Gareri | D32: =VLOOKUP(HealthCare!A32,Medical_Examinations!A31:J2366,2,TRUE) -> 17.58 | E32: =VLOOKUP(HealthCare!A32,Medical_Examinations!A31:J2366,4,TRUE) -> 4.51 | F32: =VLOOKUP(A32,Medical_Examinations!A31:J2366,6,TRUE) -> No | G32: =VLOOKUP(A32,Medical_Examinations!A31:J2366,7,TRUE) -> No | H32: =VLOOKUP(A32,Medical_Examinations!A31:J2366,8,TRUE) -> No | I32: =VLOOKUP(A32,Medical_Examinations!A31:J2366,9,TRUE) -> 1 | J32: =VLOOKUP(A32,Medical_Examinations!A31:J2366,10,TRUE) -> No | K32: =VLOOKUP(A32,Medical_Examinations!A31:J2366,3,TRUE) -> Underweight | L32: =VLOOKUP(A32,Medical_Examinations!A31:J2366,5,TRUE) -> Normal | M32: =VLOOKUP(A32,Hospitalization!A32:K2374,5,FALSE) -> 32024 | N32: =VLOOKUP(A32,Hospitalization!A32:K2374,6,FALSE) -> 59 | O32: =VLOOKUP(A23,Hospitalization!A23:K2365,11,FALSE) -> R1020 | P32: =VLOOKUP(A32,Hospitalization!A32:K2374,10,TRUE) -> tier - 2 | Q32: =VLOOKUP(A32,Hospitalization!A32:K2374,8,TRUE) -> 6414.18 | R32: =VLOOKUP(HealthCare!A32,Hospitalization!A32:K2374,9,TRUE) -> tier - 2
... A100: Id99 | B100: =VLOOKUP(A100,'Customer Names'!A100:E1418,3,TRUE) -> Ms | C100: =VLOOKUP(A100,'Customer Names'!A98:E923,4,FALSE) -> Gage | D100: =VLOOKUP(HealthCare!A100,Medical_Examinations!A99:J2434,2,TRUE) -> 17.58 | E100: =VLOOKUP(HealthCare!A100,Medical_Examinations!A99:J2434,4,TRUE) -> 4.51 | F100: =VLOOKUP(A100,Medical_Examinations!A99:J2434,6,TRUE) -> No | G100: =VLOOKUP(A100,Medical_Examinations!A99:J2434,7,TRUE) -> No | H100: =VLOOKUP(A100,Medical_Examinations!A99:J2434,8,TRUE) -> No | I100: =VLOOKUP(A100,Medical_Examinations!A99:J2434,9,TRUE) -> 1 | J100: =VLOOKUP(A100,Medical_Examinations!A99:J2434,10,TRUE) -> No | K100: =VLOOKUP(A100,Medical_Examinations!A99:J2434,3,TRUE) -> Underweight | L100: =VLOOKUP(A100,Medical_Examinations!A99:J2434,5,TRUE) -> Normal | M100: =VLOOKUP(A100,Hospitalization!A100:K2442,5,FALSE) -> 34148 | N100: =VLOOKUP(A100,Hospitalization!A100:K2442,6,FALSE) -> 67 | O100: =VLOOKUP(A91,Hospitalization!A91:K2433,11,FALSE) -> R1013 | P100: =VLOOKUP(A100,Hospitalization!A100:K2442,10,TRUE) -> tier - 3 | Q100: =VLOOKUP(A100,Hospitalization!A100:K2442,8,TRUE) -> 770 | R100: =VLOOKUP(HealthCare!A100,Hospitalization!A100:K2442,9,TRUE) -> tier - 3
A101: Id100 | B101: =VLOOKUP(A101,'Customer Names'!A101:E1419,3,TRUE) -> Mr | C101: =VLOOKUP(A101,'Customer Names'!A99:E924,4,FALSE) -> Gollins | D101: =VLOOKUP(HealthCare!A101,Medical_Examinations!A100:J2435,2,TRUE) -> 48.2 | E101: =VLOOKUP(HealthCare!A101,Medical_Examinations!A100:J2435,4,TRUE) -> 4.84 | F101: =VLOOKUP(A101,Medical_Examinations!A100:J2435,6,TRUE) -> No | G101: =VLOOKUP(A101,Medical_Examinations!A100:J2435,7,TRUE) -> No | H101: =VLOOKUP(A101,Medical_Examinations!A100:J2435,8,TRUE) -> No | I101: =VLOOKUP(A101,Medical_Examinations!A100:J2435,9,TRUE) -> 0 | J101: =VLOOKUP(A101,Medical_Examinations!A100:J2435,10,TRUE) -> yes | K101: =VLOOKUP(A101,Medical_Examinations!A100:J2435,3,TRUE) -> Obesity | L101: =VLOOKUP(A101,Medical_Examinations!A100:J2435,5,TRUE) -> Normal | M101: =VLOOKUP(A101,Hospitalization!A2:K2344,5,TRUE) -> 25822 | N101: =VLOOKUP(A101,Hospitalization!A2:K2344,6,TRUE) -> 34 | O101: =VLOOKUP(A92,Hospitalization!A92:K2434,11,FALSE) -> R1013 | P101: =VLOOKUP(A101,Hospitalization!A2:K2344,10,TRUE) -> tier - 1 | Q101: =VLOOKUP(A101,Hospitalization!A2:K2344,8,TRUE) -> 60021.4 | R101: =VLOOKUP(A101,Hospitalization!A2:K2344,9,TRUE) -> tier - 1
A102: Id101 | B102: =VLOOKUP(A102,'Customer Names'!A102:E1420,3,TRUE) -> Mr | C102: =VLOOKUP(A102,'Customer Names'!A100:E925,4,FALSE) -> Benestad | D102: =VLOOKUP(HealthCare!A102,Medical_Examinations!A101:J2436,2,TRUE) -> 35.75 | E102: =VLOOKUP(HealthCare!A102,Medical_Examinations!A101:J2436,4,TRUE) -> 8 | F102: =VLOOKUP(A102,Medical_Examinations!A101:J2436,6,TRUE) -> yes | G102: =VLOOKUP(A102,Medical_Examinations!A101:J2436,7,TRUE) -> No | H102: =VLOOKUP(A102,Medical_Examinations!A101:J2436,8,TRUE) -> No | I102: =VLOOKUP(A102,Medical_Examinations!A101:J2436,9,TRUE) -> 0 | J102: =VLOOKUP(A102,Medical_Examinations!A101:J2436,10,TRUE) -> yes | K102: =VLOOKUP(A102,Medical_Examinations!A101:J2436,3,TRUE) -> Obesity | L102: =VLOOKUP(A102,Medical_Examinations!A101:J2436,5,TRUE) -> Diabetes | M102: =VLOOKUP(A102,Hospitalization!A3:K2345,5,TRUE) -> 25173 | N102: =VLOOKUP(A102,Hospitalization!A3:K2345,6,TRUE) -> 24 | O102: =VLOOKUP(A93,Hospitalization!A93:K2435,11,FALSE) -> R1012 | P102: =VLOOKUP(A102,Hospitalization!A3:K2345,10,TRUE) -> tier - 3 | Q102: =VLOOKUP(A102,Hospitalization!A3:K2345,8,TRUE) -> 48549.18 | R102: =VLOOKUP(A102,Hospitalization!A3:K2345,9,TRUE) -> tier - 1
A103: Id102 | B103: =VLOOKUP(A103,'Customer Names'!A103:E1421,3,TRUE) -> Ms | C103: =VLOOKUP(A103,'Customer Names'!A101:E926,4,FALSE) -> Aviv | D103: =VLOOKUP(HealthCare!A103,Medical_Examinations!A102:J2437,2,TRUE) -> 53.81 | E103: =VLOOKUP(HealthCare!A103,Medical_Examinations!A102:J2437,4,TRUE) -> 8.77 | F103: =VLOOKUP(A103,Medical_Examinations!A102:J2437,6,TRUE) -> yes | G103: =VLOOKUP(A103,Medical_Examinations!A102:J2437,7,TRUE) -> No | H103: =VLOOKUP(A103,Medical_Examinations!A102:J2437,8,TRUE) -> No | I103: =VLOOKUP(A103,Medical_Examinations!A102:J2437,9,TRUE) -> 0 | J103: =VLOOKUP(A103,Medical_Examinations!A102:J2437,10,TRUE) -> yes | K103: =VLOOKUP(A103,Medical_Examinations!A102:J2437,3,TRUE) -> Obesity | L103: =VLOOKUP(A103,Medical_Examinations!A102:J2437,5,TRUE) -> Diabetes | M103: =VLOOKUP(A103,Hospitalization!A4:K2346,5,TRUE) -> 21745 | N103: =VLOOKUP(A103,Hospitalization!A4:K2346,6,TRUE) -> 25 | O103: =VLOOKUP(A94,Hospitalization!A94:K2436,11,FALSE) -> R1012 | P103: =VLOOKUP(A103,Hospitalization!A4:K2346,10,TRUE) -> tier - 1 | Q103: =VLOOKUP(A103,Hospitalization!A4:K2346,8,TRUE) -> 47055.53 | R103: =VLOOKUP(A103,Hospitalization!A4:K2346,9,TRUE) -> tier - 2
A104: Id103 | B104: =VLOOKUP(A104,'Customer Names'!A104:E1422,3,TRUE) -> Mr | C104: =VLOOKUP(A104,'Customer Names'!A102:E927,4,FALSE) -> Burns | D104: =VLOOKUP(HealthCare!A104,Medical_Examinations!A103:J2438,2,TRUE) -> 49.48 | E104: =VLOOKUP(HealthCare!A104,Medical_Examinations!A103:J2438,4,TRUE) -> 4.96 | F104: =VLOOKUP(A104,Medical_Examinations!A103:J2438,6,TRUE) -> No | G104: =VLOOKUP(A104,Medical_Examinations!A103:J2438,7,TRUE) -> No | H104: =VLOOKUP(A104,Medical_Examinations!A103:J2438,8,TRUE) -> Yes | I104: =VLOOKUP(A104,Medical_Examinations!A103:J2438,9,TRUE) -> 1 | J104: =VLOOKUP(A104,Medical_Examinations!A103:J2438,10,TRUE) -> yes | K104: =VLOOKUP(A104,Medical_Examinations!A103:J2438,3,TRUE) -> Obesity | L104: =VLOOKUP(A104,Medical_Examinations!A103:J2438,5,TRUE) -> Normal | M104: =VLOOKUP(A104,Hospitalization!A5:K2347,5,TRUE) -> 22271 | N104: =VLOOKUP(A104,Hospitalization!A5:K2347,6,TRUE) -> 29 | O104: =VLOOKUP(A95,Hospitalization!A95:K2437,11,FALSE) -> R1011 | P104: =VLOOKUP(A104,Hospitalization!A5:K2347,10,TRUE) -> tier - 2 | Q104: =VLOOKUP(A104,Hospitalization!A5:K2347,8,TRUE) -> 45710.21 | R104: =VLOOKUP(A104,Hospitalization!A5:K2347,9,TRUE) -> tier - 2
A105: Id104 | B105: =VLOOKUP(A105,'Customer Names'!A105:E1423,3,TRUE) -> Mr | C105: =VLOOKUP(A105,'Customer Names'!A103:E928,4,FALSE) -> Maldonado | D105: =VLOOKUP(HealthCare!A105,Medical_Examinations!A104:J2439,2,TRUE) -> 34.1 | E105: =VLOOKUP(HealthCare!A105,Medical_Examinations!A104:J2439,4,TRUE) -> 4.43 | F105: =VLOOKUP(A105,Medical_Examinations!A104:J2439,6,TRUE) -> yes | G105: =VLOOKUP(A105,Medical_Examinations!A104:J2439,7,TRUE) -> No | H105: =VLOOKUP(A105,Medical_Examinations!A104:J2439,8,TRUE) -> No | I105: =VLOOKUP(A105,Medical_Examinations!A104:J2439,9,TRUE) -> 0 | J105: =VLOOKUP(A105,Medical_Examinations!A104:J2439,10,TRUE) -> yes | K105: =VLOOKUP(A105,Medical_Examinations!A104:J2439,3,TRUE) -> Obesity | L105: =VLOOKUP(A105,Medical_Examinations!A104:J2439,5,TRUE) -> Normal | M105: =VLOOKUP(A105,Hospitalization!A6:K2348,5,TRUE) -> 24385 | N105: =VLOOKUP(A105,Hospitalization!A6:K2348,6,TRUE) -> 22 | O105: =VLOOKUP(A96,Hospitalization!A96:K2438,11,FALSE) -> R1013 | P105: =VLOOKUP(A105,Hospitalization!A6:K2348,10,TRUE) -> tier - 2 | Q105: =VLOOKUP(A105,Hospitalization!A6:K2348,8,TRUE) -> 43921.18 | R105: =VLOOKUP(A105,Hospitalization!A6:K2348,9,TRUE) -> tier - 2
A106: Id105 | B106: =VLOOKUP(A106,'Customer Names'!A106:E1424,3,TRUE) -> Mr | C106: =VLOOKUP(A106,'Customer Names'!A104:E929,4,FALSE) -> Yitref | D106: =VLOOKUP(HealthCare!A106,Medical_Examinations!A105:J2440,2,TRUE) -> 35.3 | E106: =VLOOKUP(HealthCare!A106,Medical_Examinations!A105:J2440,4,TRUE) -> 5.82 | F106: =VLOOKUP(A106,Medical_Examinations!A105:J2440,6,TRUE) -> yes | G106: =VLOOKUP(A106,Medical_Examinations!A105:J2440,7,TRUE) -> No | H106: =VLOOKUP(A106,Medical_Examinations!A105:J2440,8,TRUE) -> Yes | I106: =VLOOKUP(A106,Medical_Examinations!A105:J2440,9,TRUE) -> 1 | J106: =VLOOKUP(A106,Medical_Examinations!A105:J2440,10,TRUE) -> yes | K106: =VLOOKUP(A106,Medical_Examinations!A105:J2440,3,TRUE) -> Obesity | L106: =VLOOKUP(A106,Medical_Examinations!A105:J2440,5,TRUE) -> Prediabetes | M106: =VLOOKUP(A106,Hospitalization!A7:K2349,5,TRUE) -> 24044 | N106: =VLOOKUP(A106,Hospitalization!A7:K2349,6,TRUE) -> 24 | O106: =VLOOKUP(A97,Hospitalization!A97:K2439,11,FALSE) -> R1013 | P106: =VLOOKUP(A106,Hospitalization!A7:K2349,10,TRUE) -> tier - 2 | Q106: =VLOOKUP(A106,Hospitalization!A7:K2349,8,TRUE) -> 42764.12 | R106: =VLOOKUP(A106,Hospitalization!A7:K2349,9,TRUE) -> tier - 1
A107: Id106 | B107: =VLOOKUP(A107,'Customer Names'!A107:E1425,3,TRUE) -> Mr | C107: =VLOOKUP(A107,'Customer Names'!A105:E930,4,FALSE) -> Loudon-Brown | D107: =VLOOKUP(HealthCare!A107,Medical_Examinations!A106:J2441,2,TRUE) -> 43.83 | E107: =VLOOKUP(HealthCare!A107,Medical_Examinations!A106:J2441,4,TRUE) -> 6.03 | F107: =VLOOKUP(A107,Medical_Examinations!A106:J2441,6,TRUE) -> yes | G107: =VLOOKUP(A107,Medical_Examinations!A106:J2441,7,TRUE) -> No | H107: =VLOOKUP(A107,Medical_Examinations!A106:J2441,8,TRUE) -> No | I107: =VLOOKUP(A107,Medical_Examinations!A106:J2441,9,TRUE) -> 2 | J107: =VLOOKUP(A107,Medical_Examinations!A106:J2441,10,TRUE) -> yes | K107: =VLOOKUP(A107,Medical_Examinations!A106:J2441,3,TRUE) -> Obesity | L107: =VLOOKUP(A107,Medical_Examinations!A106:J2441,5,TRUE) -> Prediabetes | M107: =VLOOKUP(A107,Hospitalization!A8:K2350,5,TRUE) -> 28092 | N107: =VLOOKUP(A107,Hospitalization!A8:K2350,6,TRUE) -> 23 | O107: =VLOOKUP(A98,Hospitalization!A98:K2440,11,FALSE) -> R1013 | P107: =VLOOKUP(A107,Hospitalization!A8:K2350,10,TRUE) -> tier - 1 | Q107: =VLOOKUP(A107,Hospitalization!A8:K2350,8,TRUE) -> 42111.66 | R107: =VLOOKUP(A107,Hospitalization!A8:K2350,9,TRUE) -> tier - 1
A108: Id107 | B108: =VLOOKUP(A108,'Customer Names'!A108:E1426,3,TRUE) -> Mr | C108: =VLOOKUP(A108,'Customer Names'!A106:E931,4,FALSE) -> Sugathadasa | D108: =VLOOKUP(HealthCare!A108,Medical_Examinations!A107:J2442,2,TRUE) -> 50.07 | E108: =VLOOKUP(HealthCare!A108,Medical_Examinations!A107:J2442,4,TRUE) -> 9.27 | F108: =VLOOKUP(A108,Medical_Examinations!A107:J2442,6,TRUE) -> No | G108: =VLOOKUP(A108,Medical_Examinations!A107:J2442,7,TRUE) -> No | H108: =VLOOKUP(A108,Medical_Examinations!A107:J2442,8,TRUE) -> No | I108: =VLOOKUP(A108,Medical_Examinations!A107:J2442,9,TRUE) -> 0 | J108: =VLOOKUP(A108,Medical_Examinations!A107:J2442,10,TRUE) -> yes | K108: =VLOOKUP(A108,Medical_Examinations!A107:J2442,3,TRUE) -> Obesity | L108: =VLOOKUP(A108,Medical_Examinations!A107:J2442,5,TRUE) -> Diabetes | M108: =VLOOKUP(A108,Hospitalization!A9:K2351,5,TRUE) -> 26222 | N108: =VLOOKUP(A108,Hospitalization!A9:K2351,6,TRUE) -> 23 | O108: =VLOOKUP(A99,Hospitalization!A99:K2441,11,FALSE) -> R1013 | P108: =VLOOKUP(A108,Hospitalization!A9:K2351,10,TRUE) -> tier - 2 | Q108: =VLOOKUP(A108,Hospitalization!A9:K2351,8,TRUE) -> 41351.88 | R108: =VLOOKUP(A108,Hospitalization!A9:K2351,9,TRUE) -> tier - 1
A109: Id108 | B109: =VLOOKUP(A109,'Customer Names'!A109:E1427,3,TRUE) -> Ms | C109: =VLOOKUP(A109,'Customer Names'!A107:E932,4,FALSE) -> Ganley | D109: =VLOOKUP(HealthCare!A109,Medical_Examinations!A108:J2443,2,TRUE) -> 32.775 | E109: =VLOOKUP(HealthCare!A109,Medical_Examinations!A108:J2443,4,TRUE) -> 5.53 | F109: =VLOOKUP(A109,Medical_Examinations!A108:J2443,6,TRUE) -> No | G109: =VLOOKUP(A109,Medical_Examinations!A108:J2443,7,TRUE) -> No | H109: =VLOOKUP(A109,Medical_Examinations!A108:J2443,8,TRUE) -> No | I109: =VLOOKUP(A109,Medical_Examinations!A108:J2443,9,TRUE) -> 0 | J109: =VLOOKUP(A109,Medical_Examinations!A108:J2443,10,TRUE) -> yes | K109: =VLOOKUP(A109,Medical_Examinations!A108:J2443,3,TRUE) -> Obesity | L109: =VLOOKUP(A109,Medical_Examinations!A108:J2443,5,TRUE) -> Normal | M109: =VLOOKUP(A109,Hospitalization!A10:K2352,5,TRUE) -> 33820 | N109: =VLOOKUP(A109,Hospitalization!A10:K2352,6,TRUE) -> 24 | O109: =VLOOKUP(A100,Hospitalization!A100:K2442,11,FALSE) -> R1013 | P109: =VLOOKUP(A109,Hospitalization!A10:K2352,10,TRUE) -> tier - 2 | Q109: =VLOOKUP(A109,Hospitalization!A10:K2352,8,TRUE) -> 40932.43 | R109: =VLOOKUP(A109,Hospitalization!A10:K2352,9,TRUE) -> tier - 1
A110: Id109 | B110: =VLOOKUP(A110,'Customer Names'!A110:E1428,3,TRUE) -> Ms | C110: =VLOOKUP(A110,'Customer Names'!A108:E933,4,FALSE) -> Potter | D110: =VLOOKUP(HealthCare!A110,Medical_Examinations!A109:J2444,2,TRUE) -> 34.105 | E110: =VLOOKUP(HealthCare!A110,Medical_Examinations!A109:J2444,4,TRUE) -> 5.07 | F110: =VLOOKUP(A110,Medical_Examinations!A109:J2444,6,TRUE) -> No | G110: =VLOOKUP(A110,Medical_Examinations!A109:J2444,7,TRUE) -> No | H110: =VLOOKUP(A110,Medical_Examinations!A109:J2444,8,TRUE) -> No | I110: =VLOOKUP(A110,Medical_Examinations!A109:J2444,9,TRUE) -> 1 | J110: =VLOOKUP(A110,Medical_Examinations!A109:J2444,10,TRUE) -> yes | K110: =VLOOKUP(A110,Medical_Examinations!A109:J2444,3,TRUE) -> Obesity | L110: =VLOOKUP(A110,Medical_Examinations!A109:J2444,5,TRUE) -> Normal | M110: =VLOOKUP(A110,Hospitalization!A11:K2353,5,TRUE) -> 29795 | N110: =VLOOKUP(A110,Hospitalization!A11:K2353,6,TRUE) -> 28 | O110: =VLOOKUP(A101,Hospitalization!A2:K2344,11,FALSE) -> R1012 | P110: =VLOOKUP(A110,Hospitalization!A11:K2353,10,TRUE) -> tier - 2 | Q110: =VLOOKUP(A110,Hospitalization!A11:K2353,8,TRUE) -> 40208.56 | R110: =VLOOKUP(A110,Hospitalization!A11:K2353,9,TRUE) -> tier - 1
A111: Id110 | B111: =VLOOKUP(A111,'Customer Names'!A111:E1429,3,TRUE) -> Mr | C111: =VLOOKUP(A111,'Customer Names'!A109:E934,4,FALSE) -> Rasmussen | D111: =VLOOKUP(HealthCare!A111,Medical_Examinations!A110:J2445,2,TRUE) -> 48.93 | E111: =VLOOKUP(HealthCare!A111,Medical_Examinations!A110:J2445,4,TRUE) -> 11.17 | F111: =VLOOKUP(A111,Medical_Examinations!A110:J2445,6,TRUE) -> yes | G111: =VLOOKUP(A111,Medical_Examinations!A110:J2445,7,TRUE) -> No | H111: =VLOOKUP(A111,Medical_Examinations!A110:J2445,8,TRUE) -> No | I111: =VLOOKUP(A111,Medical_Examinations!A110:J2445,9,TRUE) -> 1 | J111: =VLOOKUP(A111,Medical_Examinations!A110:J2445,10,TRUE) -> yes | K111: =VLOOKUP(A111,Medical_Examinations!A110:J2445,3,TRUE) -> Obesity | L111: =VLOOKUP(A111,Medical_Examinations!A110:J2445,5,TRUE) -> Diabetes | M111: =VLOOKUP(A111,Hospitalization!A111:K2453,5,FALSE) -> 31982 | N111: =VLOOKUP(A111,Hospitalization!A111:K2453,6,FALSE) -> 25 | O111: =VLOOKUP(A102,Hospitalization!A3:K2345,11,FALSE) -> R1016 | P111: =VLOOKUP(A111,Hospitalization!A111:K2453,10,TRUE) -> tier - 1 | Q111: =VLOOKUP(A111,Hospitalization!A111:K2453,8,TRUE) -> 39774.28 | R111: =VLOOKUP(A111,Hospitalization!A12:K2354,9,TRUE) -> tier - 1
A112: Id111 | B112: =VLOOKUP(A112,'Customer Names'!A112:E1430,3,TRUE) -> Mr | C112: =VLOOKUP(A112,'Customer Names'!A110:E935,4,FALSE) -> Robinson | D112: =VLOOKUP(HealthCare!A112,Medical_Examinations!A111:J2446,2,TRUE) -> 37.07 | E112: =VLOOKUP(HealthCare!A112,Medical_Examinations!A111:J2446,4,TRUE) -> 6.14 | F112: =VLOOKUP(A112,Medical_Examinations!A111:J2446,6,TRUE) -> yes | G112: =VLOOKUP(A112,Medical_Examinations!A111:J2446,7,TRUE) -> No | H112: =VLOOKUP(A112,Medical_Examinations!A111:J2446,8,TRUE) -> No | I112: =VLOOKUP(A112,Medical_Examinations!A111:J2446,9,TRUE) -> 0 | J112: =VLOOKUP(A112,Medical_Examinations!A111:J2446,10,TRUE) -> yes | K112: =VLOOKUP(A112,Medical_Examinations!A111:J2446,3,TRUE) -> Obesity | L112: =VLOOKUP(A112,Medical_Examinations!A111:J2446,5,TRUE) -> Prediabetes | M112: =VLOOKUP(A112,Hospitalization!A112:K2454,5,FALSE) -> 30179 | N112: =VLOOKUP(A112,Hospitalization!A112:K2454,6,FALSE) -> 22 | O112: =VLOOKUP(A103,Hospitalization!A4:K2346,11,FALSE) -> R1013 | P112: =VLOOKUP(A112,Hospitalization!A112:K2454,10,TRUE) -> tier - 3 | Q112: =VLOOKUP(A112,Hospitalization!A112:K2454,8,TRUE) -> 39315.28 | R112: =VLOOKUP(A112,Hospitalization!A13:K2355,9,TRUE) -> tier - 2
A113: Id112 | B113: =VLOOKUP(A113,'Customer Names'!A113:E1431,3,TRUE) -> Ms | C113: =VLOOKUP(A113,'Customer Names'!A111:E936,4,FALSE) -> Antonopoulos | D113: =VLOOKUP(HealthCare!A113,Medical_Examinations!A112:J2447,2,TRUE) -> 51.51 | E113: =VLOOKUP(HealthCare!A113,Medical_Examinations!A112:J2447,4,TRUE) -> 6.26 | F113: =VLOOKUP(A113,Medical_Examinations!A112:J2447,6,TRUE) -> yes | G113: =VLOOKUP(A113,Medical_Examinations!A112:J2447,7,TRUE) -> No | H113: =VLOOKUP(A113,Medical_Examinations!A112:J2447,8,TRUE) -> Yes | I113: =VLOOKUP(A113,Medical_Examinations!A112:J2447,9,TRUE) -> 1 | J113: =VLOOKUP(A113,Medical_Examinations!A112:J2447,10,TRUE) -> yes | K113: =VLOOKUP(A113,Medical_Examinations!A112:J2447,3,TRUE) -> Obesity | L113: =VLOOKUP(A113,Medical_Examinations!A112:J2447,5,TRUE) -> Prediabetes | M113: =VLOOKUP(A113,Hospitalization!A113:K2455,5,FALSE) -> 29192 | N113: =VLOOKUP(A113,Hospitalization!A113:K2455,6,FALSE) -> 23 | O113: =VLOOKUP(A104,Hospitalization!A5:K2347,11,FALSE) -> R1016 | P113: =VLOOKUP(A113,Hospitalization!A113:K2455,10,TRUE) -> tier - 1 | Q113: =VLOOKUP(A113,Hospitalization!A113:K2455,8,TRUE) -> 38836.98 | R113: =VLOOKUP(A113,Hospitalization!A14:K2356,9,TRUE) -> tier - 2
A114: Id113 | B114: =VLOOKUP(A114,'Customer Names'!A114:E1432,3,TRUE) -> Ms | C114: =VLOOKUP(A114,'Customer Names'!A112:E937,4,FALSE) -> Groner | D114: =VLOOKUP(HealthCare!A114,Medical_Examinations!A113:J2448,2,TRUE) -> 34.8 | E114: =VLOOKUP(HealthCare!A114,Medical_Examinations!A113:J2448,4,TRUE) -> 4.72 | F114: =VLOOKUP(A114,Medical_Examinations!A113:J2448,6,TRUE) -> yes | G114: =VLOOKUP(A114,Medical_Examinations!A113:J2448,7,TRUE) -> No | H114: =VLOOKUP(A114,Medical_Examinations!A113:J2448,8,TRUE) -> No | I114: =VLOOKUP(A114,Medical_Examinations!A113:J2448,9,TRUE) -> 0 | J114: =VLOOKUP(A114,Medical_Examinations!A113:J2448,10,TRUE) -> yes | K114: =VLOOKUP(A114,Medical_Examinations!A113:J2448,3,TRUE) -> Obesity | L114: =VLOOKUP(A114,Medical_Examinations!A113:J2448,5,TRUE) -> Normal | M114: =VLOOKUP(A114,Hospitalization!A114:K2456,5,FALSE) -> 25802 | N114: =VLOOKUP(A114,Hospitalization!A114:K2456,6,FALSE) -> 21 | O114: =VLOOKUP(A105,Hospitalization!A6:K2348,11,FALSE) -> R1012 | P114: =VLOOKUP(A114,Hospitalization!A114:K2456,10,TRUE) -> tier - 3 | Q114: =VLOOKUP(A114,Hospitalization!A114:K2456,8,TRUE) -> 38389.79 | R114: =VLOOKUP(A114,Hospitalization!A15:K2357,9,TRUE) -> tier - 2
A115: Id114 | B115: =VLOOKUP(A115,'Customer Names'!A115:E1433,3,TRUE) -> Mr | C115: =VLOOKUP(A115,'Customer Names'!A113:E938,4,FALSE) -> Zywicki | D115: =VLOOKUP(HealthCare!A115,Medical_Examinations!A114:J2449,2,TRUE) -> 36.67 | E115: =VLOOKUP(HealthCare!A115,Medical_Examinations!A114:J2449,4,TRUE) -> 5.18 | F115: =VLOOKUP(A115,Medical_Examinations!A114:J2449,6,TRUE) -> No | G115: =VLOOKUP(A115,Medical_Examinations!A114:J2449,7,TRUE) -> No | H115: =VLOOKUP(A115,Medical_Examinations!A114:J2449,8,TRUE) -> No | I115: =VLOOKUP(A115,Medical_Examinations!A114:J2449,9,TRUE) -> 1 | J115: =VLOOKUP(A115,Medical_Examinations!A114:J2449,10,TRUE) -> yes | K115: =VLOOKUP(A115,Medical_Examinations!A114:J2449,3,TRUE) -> Obesity | L115: =VLOOKUP(A115,Medical_Examinations!A114:J2449,5,TRUE) -> Normal | M115: =VLOOKUP(A115,Hospitalization!A115:K2457,5,FALSE) -> 31639 | N115: =VLOOKUP(A115,Hospitalization!A115:K2457,6,FALSE) -> 22 | O115: =VLOOKUP(A106,Hospitalization!A7:K2349,11,FALSE) -> R1011 | P115: =VLOOKUP(A115,Hospitalization!A115:K2457,10,TRUE) -> tier - 1 | Q115: =VLOOKUP(A115,Hospitalization!A115:K2457,8,TRUE) -> 37742.58 | R115: =VLOOKUP(A115,Hospitalization!A16:K2358,9,TRUE) -> tier - 1
A116: Id115 | B116: =VLOOKUP(A116,'Customer Names'!A116:E1434,3,TRUE) -> Mr | C116: =VLOOKUP(A116,'Customer Names'!A114:E939,4,FALSE) -> Cardinal | D116: =VLOOKUP(HealthCare!A116,Medical_Examinations!A115:J2450,2,TRUE) -> 30.9 | E116: =VLOOKUP(HealthCare!A116,Medical_Examinations!A115:J2450,4,TRUE) -> 9.4 | F116: =VLOOKUP(A116,Medical_Examinations!A115:J2450,6,TRUE) -> No | G116: =VLOOKUP(A116,Medical_Examinations!A115:J2450,7,TRUE) -> No | H116: =VLOOKUP(A116,Medical_Examinations!A115:J2450,8,TRUE) -> No | I116: =VLOOKUP(A116,Medical_Examinations!A115:J2450,9,TRUE) -> 2 | J116: =VLOOKUP(A116,Medical_Examinations!A115:J2450,10,TRUE) -> yes | K116: =VLOOKUP(A116,Medical_Examinations!A115:J2450,3,TRUE) -> Obesity | L116: =VLOOKUP(A116,Medical_Examinations!A115:J2450,5,TRUE) -> Diabetes | M116: =VLOOKUP(A116,Hospitalization!A116:K2458,5,FALSE) -> 31368 | N116: =VLOOKUP(A116,Hospitalization!A116:K2458,6,FALSE) -> 23 | O116: =VLOOKUP(A107,Hospitalization!A8:K2350,11,FALSE) -> R1024 | P116: =VLOOKUP(A116,Hospitalization!A116:K2458,10,TRUE) -> tier - 1 | Q116: =VLOOKUP(A116,Hospitalization!A116:K2458,8,TRUE) -> 37270.15 | R116: =VLOOKUP(A116,Hospitalization!A17:K2359,9,TRUE) -> tier - 2
A117: Id116 | B117: =VLOOKUP(A117,'Customer Names'!A117:E1435,3,TRUE) -> Ms | C117: =VLOOKUP(A117,'Customer Names'!A115:E940,4,FALSE) -> Alleman | D117: =VLOOKUP(HealthCare!A117,Medical_Examinations!A116:J2451,2,TRUE) -> 30.495 | E117: =VLOOKUP(HealthCare!A117,Medical_Examinations!A116:J2451,4,TRUE) -> 6.29 | F117: =VLOOKUP(A117,Medical_Examinations!A116:J2451,6,TRUE) -> No | G117: =VLOOKUP(A117,Medical_Examinations!A116:J2451,7,TRUE) -> No | H117: =VLOOKUP(A117,Medical_Examinations!A116:J2451,8,TRUE) -> No | I117: =VLOOKUP(A117,Medical_Examinations!A116:J2451,9,TRUE) -> 0 | J117: =VLOOKUP(A117,Medical_Examinations!A116:J2451,10,TRUE) -> yes | K117: =VLOOKUP(A117,Medical_Examinations!A116:J2451,3,TRUE) -> Obesity | L117: =VLOOKUP(A117,Medical_Examinations!A116:J2451,5,TRUE) -> Prediabetes | M117: =VLOOKUP(A117,Hospitalization!A117:K2459,5,FALSE) -> 33399 | N117: =VLOOKUP(A117,Hospitalization!A117:K2459,6,FALSE) -> 25 | O117: =VLOOKUP(A108,Hospitalization!A9:K2351,11,FALSE) -> R1011 | P117: =VLOOKUP(A117,Hospitalization!A117:K2459,10,TRUE) -> tier - 2 | Q117: =VLOOKUP(A117,Hospitalization!A117:K2459,8,TRUE) -> 36911.99 | R117: =VLOOKUP(A117,Hospitalization!A18:K2360,9,TRUE) -> tier - 2
A118: Id117 | B118: =VLOOKUP(A118,'Customer Names'!A118:E1436,3,TRUE) -> Mr | C118: =VLOOKUP(A118,'Customer Names'!A116:E941,4,FALSE) -> Stroffolino | D118: =VLOOKUP(HealthCare!A118,Medical_Examinations!A117:J2452,2,TRUE) -> 44.88 | E118: =VLOOKUP(HealthCare!A118,Medical_Examinations!A117:J2452,4,TRUE) -> 6.04 | F118: =VLOOKUP(A118,Medical_Examinations!A117:J2452,6,TRUE) -> No | G118: =VLOOKUP(A118,Medical_Examinations!A117:J2452,7,TRUE) -> No | H118: =VLOOKUP(A118,Medical_Examinations!A117:J2452,8,TRUE) -> Yes | I118: =VLOOKUP(A118,Medical_Examinations!A117:J2452,9,TRUE) -> 1 | J118: =VLOOKUP(A118,Medical_Examinations!A117:J2452,10,TRUE) -> yes | K118: =VLOOKUP(A118,Medical_Examinations!A117:J2452,3,TRUE) -> Obesity | L118: =VLOOKUP(A118,Medical_Examinations!A117:J2452,5,TRUE) -> Prediabetes | M118: =VLOOKUP(A118,Hospitalization!A118:K2460,5,FALSE) -> 22969 | N118: =VLOOKUP(A118,Hospitalization!A118:K2460,6,FALSE) -> 24 | O118: =VLOOKUP(A109,Hospitalization!A10:K2352,11,FALSE) -> R1013 | P118: =VLOOKUP(A118,Hospitalization!A118:K2460,10,TRUE) -> tier - 2 | Q118: =VLOOKUP(A118,Hospitalization!A118:K2460,8,TRUE) -> 36445.55 | R118: =VLOOKUP(A118,Hospitalization!A19:K2361,9,TRUE) -> tier - 2
A119: Id118 | B119: =VLOOKUP(A119,'Customer Names'!A119:E1437,3,TRUE) -> Mr | C119: =VLOOKUP(A119,'Customer Names'!A117:E942,4,FALSE) -> Clubb | D119: =VLOOKUP(HealthCare!A119,Medical_Examinations!A118:J2453,2,TRUE) -> 44.32 | E119: =VLOOKUP(HealthCare!A119,Medical_Examinations!A118:J2453,4,TRUE) -> 10.55 | F119: =VLOOKUP(A119,Medical_Examinations!A118:J2453,6,TRUE) -> No | G119: =VLOOKUP(A119,Medical_Examinations!A118:J2453,7,TRUE) -> No | H119: =VLOOKUP(A119,Medical_Examinations!A118:J2453,8,TRUE) -> No | I119: =VLOOKUP(A119,Medical_Examinations!A118:J2453,9,TRUE) -> 0 | J119: =VLOOKUP(A119,Medical_Examinations!A118:J2453,10,TRUE) -> yes | K119: =VLOOKUP(A119,Medical_Examinations!A118:J2453,3,TRUE) -> Obesity | L119: =VLOOKUP(A119,Medical_Examinations!A118:J2453,5,TRUE) -> Diabetes | M119: =VLOOKUP(A119,Hospitalization!A119:K2461,5,FALSE) -> 35593 | N119: =VLOOKUP(A119,Hospitalization!A119:K2461,6,FALSE) -> 24 | O119: =VLOOKUP(A110,Hospitalization!A11:K2353,11,FALSE) -> R1011 | P119: =VLOOKUP(A119,Hospitalization!A119:K2461,10,TRUE) -> tier - 3 | Q119: =VLOOKUP(A119,Hospitalization!A119:K2461,8,TRUE) -> 36124.57 | R119: =VLOOKUP(A119,Hospitalization!A20:K2362,9,TRUE) -> tier - 1
A120: Id119 | B120: =VLOOKUP(A120,'Customer Names'!A120:E1438,3,TRUE) -> Mr | C120: =VLOOKUP(A120,'Customer Names'!A118:E943,4,FALSE) -> McGoogan | D120: =VLOOKUP(HealthCare!A120,Medical_Examinations!A119:J2454,2,TRUE) -> 46.39 | E120: =VLOOKUP(HealthCare!A120,Medical_Examinations!A119:J2454,4,TRUE) -> 5.09 | F120: =VLOOKUP(A120,Medical_Examinations!A119:J2454,6,TRUE) -> No | G120: =VLOOKUP(A120,Medical_Examinations!A119:J2454,7,TRUE) -> No | H120: =VLOOKUP(A120,Medical_Examinations!A119:J2454,8,TRUE) -> No | I120: =VLOOKUP(A120,Medical_Examinations!A119:J2454,9,TRUE) -> 0 | J120: =VLOOKUP(A120,Medical_Examinations!A119:J2454,10,TRUE) -> yes | K120: =VLOOKUP(A120,Medical_Examinations!A119:J2454,3,TRUE) -> Obesity | L120: =VLOOKUP(A120,Medical_Examinations!A119:J2454,5,TRUE) -> Normal | M120: =VLOOKUP(A120,Hospitalization!A120:K2462,5,FALSE) -> 36849 | N120: =VLOOKUP(A120,Hospitalization!A120:K2462,6,FALSE) -> 25 | O120: =VLOOKUP(A111,Hospitalization!A12:K2354,11,FALSE) -> R1014 | P120: =VLOOKUP(A120,Hospitalization!A120:K2462,10,TRUE) -> tier - 3 | Q120: =VLOOKUP(A120,Hospitalization!A120:K2462,8,TRUE) -> 35585.58 | R120: =VLOOKUP(A120,Hospitalization!A21:K2363,9,TRUE) -> tier - 2
A121: Id120 | B121: =VLOOKUP(A121,'Customer Names'!A121:E1439,3,TRUE) -> Mr | C121: =VLOOKUP(A121,'Customer Names'!A119:E944,4,FALSE) -> Keflezighi | D121: =VLOOKUP(HealthCare!A121,Medical_Examinations!A120:J2455,2,TRUE) -> 42.13 | E121: =VLOOKUP(HealthCare!A121,Medical_Examinations!A120:J2455,4,TRUE) -> 5.2 | F121: =VLOOKUP(A121,Medical_Examinations!A120:J2455,6,TRUE) -> yes | G121: =VLOOKUP(A121,Medical_Examinations!A120:J2455,7,TRUE) -> No | H121: =VLOOKUP(A121,Medical_Examinations!A120:J2455,8,TRUE) -> No | I121: =VLOOKUP(A121,Medical_Examinations!A120:J2455,9,TRUE) -> 1 | J121: =VLOOKUP(A121,Medical_Examinations!A120:J2455,10,TRUE) -> yes | K121: =VLOOKUP(A121,Medical_Examinations!A120:J2455,3,TRUE) -> Obesity | L121: =VLOOKUP(A121,Medical_Examinations!A120:J2455,5,TRUE) -> Normal | M121: =VLOOKUP(A121,Hospitalization!A121:K2463,5,FALSE) -> 36151 | N121: =VLOOKUP(A121,Hospitalization!A121:K2463,6,FALSE) -> 21 | O121: =VLOOKUP(A112,Hospitalization!A13:K2355,11,FALSE) -> R1011 | P121: =VLOOKUP(A121,Hospitalization!A121:K2463,10,TRUE) -> tier - 1 | Q121: =VLOOKUP(A121,Hospitalization!A121:K2463,8,TRUE) -> 35147.53 | R121: =VLOOKUP(A121,Hospitalization!A22:K2364,9,TRUE) -> tier - 1
A122: Id121 | B122: =VLOOKUP(A122,'Customer Names'!A122:E1440,3,TRUE) -> Mr | C122: =VLOOKUP(A122,'Customer Names'!A120:E945,4,FALSE) -> Syed | D122: =VLOOKUP(HealthCare!A122,Medical_Examinations!A121:J2456,2,TRUE) -> 30.78 | E122: =VLOOKUP(HealthCare!A122,Medical_Examinations!A121:J2456,4,TRUE) -> 8.45 | F122: =VLOOKUP(A122,Medical_Examinations!A121:J2456,6,TRUE) -> yes | G122: =VLOOKUP(A122,Medical_Examinations!A121:J2456,7,TRUE) -> No | H122: =VLOOKUP(A122,Medical_Examinations!A121:J2456,8,TRUE) -> No | I122: =VLOOKUP(A122,Medical_Examinations!A121:J2456,9,TRUE) -> 0 | J122: =VLOOKUP(A122,Medical_Examinations!A121:J2456,10,TRUE) -> yes | K122: =VLOOKUP(A122,Medical_Examinations!A121:J2456,3,TRUE) -> Obesity | L122: =VLOOKUP(A122,Medical_Examinations!A121:J2456,5,TRUE) -> Diabetes | M122: =VLOOKUP(A122,Hospitalization!A122:K2464,5,FALSE) -> 37805 | N122: =VLOOKUP(A122,Hospitalization!A122:K2464,6,FALSE) -> 24 | O122: =VLOOKUP(A113,Hospitalization!A14:K2356,11,FALSE) -> R1011 | P122: =VLOOKUP(A122,Hospitalization!A122:K2464,10,TRUE) -> tier - 2 | Q122: =VLOOKUP(A122,Hospitalization!A122:K2464,8,TRUE) -> 34779.62 | R122: =VLOOKUP(A122,Hospitalization!A23:K2365,9,TRUE) -> tier - 1
... A1000: Id999 | B1000: =VLOOKUP(A1000,'Customer Names'!A1000:E2318,3,TRUE) -> Mr | C1000: =VLOOKUP(A1000,'Customer Names'!A998:E1823,4,FALSE) -> Campbell | D1000: =VLOOKUP(HealthCare!A1000,Medical_Examinations!A999:J3334,2,TRUE) -> 17.58 | E1000: =VLOOKUP(HealthCare!A1000,Medical_Examinations!A999:J3334,4,TRUE) -> 4.51 | F1000: =VLOOKUP(A1000,Medical_Examinations!A999:J3334,6,TRUE) -> No | G1000: =VLOOKUP(A1000,Medical_Examinations!A999:J3334,7,TRUE) -> No | H1000: =VLOOKUP(A1000,Medical_Examinations!A999:J3334,8,TRUE) -> No | I1000: =VLOOKUP(A1000,Medical_Examinations!A999:J3334,9,TRUE) -> 1 | J1000: =VLOOKUP(A1000,Medical_Examinations!A999:J3334,10,TRUE) -> No | K1000: =VLOOKUP(A1000,Medical_Examinations!A999:J3334,3,TRUE) -> Underweight | L1000: =VLOOKUP(A1000,Medical_Examinations!A999:J3334,5,TRUE) -> Normal | M1000: =VLOOKUP(A1000,Hospitalization!A1000:K3342,5,FALSE) -> 34121 | N1000: =VLOOKUP(A1000,Hospitalization!A1000:K3342,6,FALSE) -> 31 | O1000: =VLOOKUP(A991,Hospitalization!A892:K3234,11,FALSE) -> R1013 | P1000: =VLOOKUP(A1000,Hospitalization!A1000:K3342,10,TRUE) -> tier - 3 | Q1000: =VLOOKUP(A1000,Hospitalization!A1000:K3342,8,TRUE) -> 650 | R1000: =VLOOKUP(A1000,Hospitalization!A901:K3243,9,TRUE) -> tier - 3
A1001: Id1000 | B1001: =VLOOKUP(A1001,'Customer Names'!A1001:E2319,3,TRUE) -> Mrs | C1001: =VLOOKUP(A1001,'Customer Names'!A999:E1824,4,FALSE) -> Schaefer | D1001: =VLOOKUP(HealthCare!A1001,Medical_Examinations!A1000:J3335,2,TRUE) -> 39.17 | E1001: =VLOOKUP(HealthCare!A1001,Medical_Examinations!A1000:J3335,4,TRUE) -> 4.15 | F1001: =VLOOKUP(A1001,Medical_Examinations!A1000:J3335,6,TRUE) -> No | G1001: =VLOOKUP(A1001,Medical_Examinations!A1000:J3335,7,TRUE) -> No | H1001: =VLOOKUP(A1001,Medical_Examinations!A1000:J3335,8,TRUE) -> No | I1001: =VLOOKUP(A1001,Medical_Examinations!A1000:J3335,9,TRUE) -> 0 | J1001: =VLOOKUP(A1001,Medical_Examinations!A1000:J3335,10,TRUE) -> No | K1001: =VLOOKUP(A1001,Medical_Examinations!A1000:J3335,3,TRUE) -> Obesity | L1001: =VLOOKUP(A1001,Medical_Examinations!A1000:J3335,5,TRUE) -> Normal | M1001: =VLOOKUP(A1001,Hospitalization!A2:K2344,5,TRUE) -> 33395 | N1001: =VLOOKUP(A1001,Hospitalization!A2:K2344,6,FALSE) -> 33 | O1001: =VLOOKUP(A992,Hospitalization!A893:K3235,11,FALSE) -> R1013 | P1001: =VLOOKUP(A1001,Hospitalization!A2:K2344,10,TRUE) -> tier - 3 | Q1001: =VLOOKUP(A1001,Hospitalization!A2:K2344,8,TRUE) -> 58571.07 | R1001: =VLOOKUP(A1001,Hospitalization!A2:K2344,9,TRUE) -> tier - 1
A1002: Id1001 | B1002: =VLOOKUP(A1002,'Customer Names'!A1002:E2320,3,TRUE) -> Mr | C1002: =VLOOKUP(A1002,'Customer Names'!A1000:E1825,4,FALSE) -> D'Alessandro | D1002: =VLOOKUP(HealthCare!A1002,Medical_Examinations!A1001:J3336,2,TRUE) -> 26.41 | E1002: =VLOOKUP(HealthCare!A1002,Medical_Examinations!A1001:J3336,4,TRUE) -> 5.99 | F1002: =VLOOKUP(A1002,Medical_Examinations!A1001:J3336,6,TRUE) -> yes | G1002: =VLOOKUP(A1002,Medical_Examinations!A1001:J3336,7,TRUE) -> No | H1002: =VLOOKUP(A1002,Medical_Examinations!A1001:J3336,8,TRUE) -> Yes | I1002: =VLOOKUP(A1002,Medical_Examinations!A1001:J3336,9,TRUE) -> 1 | J1002: =VLOOKUP(A1002,Medical_Examinations!A1001:J3336,10,TRUE) -> No | K1002: =VLOOKUP(A1002,Medical_Examinations!A1001:J3336,3,TRUE) -> Overweight | L1002: =VLOOKUP(A1002,Medical_Examinations!A1001:J3336,5,TRUE) -> Prediabetes | M1002: =VLOOKUP(A1002,Hospitalization!A3:K2345,5,TRUE) -> 32678 | N1002: =VLOOKUP(A1002,Hospitalization!A3:K2345,6,FALSE) -> 33 | O1002: =VLOOKUP(A993,Hospitalization!A894:K3236,11,FALSE) -> R1012 | P1002: =VLOOKUP(A1002,Hospitalization!A3:K2345,10,TRUE) -> tier - 2 | Q1002: =VLOOKUP(A1002,Hospitalization!A3:K2345,8,TRUE) -> 55135.4 | R1002: =VLOOKUP(A1002,Hospitalization!A3:K2345,9,TRUE) -> tier - 1
A1003: Id1002 | B1003: =VLOOKUP(A1003,'Customer Names'!A1003:E2321,3,TRUE) -> Mrs | C1003: =VLOOKUP(A1003,'Customer Names'!A1001:E1826,4,FALSE) -> Wyss | D1003: =VLOOKUP(HealthCare!A1003,Medical_Examinations!A1002:J3337,2,TRUE) -> 30.63 | E1003: =VLOOKUP(HealthCare!A1003,Medical_Examinations!A1002:J3337,4,TRUE) -> 5.8 | F1003: =VLOOKUP(A1003,Medical_Examinations!A1002:J3337,6,TRUE) -> yes | G1003: =VLOOKUP(A1003,Medical_Examinations!A1002:J3337,7,TRUE) -> No | H1003: =VLOOKUP(A1003,Medical_Examinations!A1002:J3337,8,TRUE) -> No | I1003: =VLOOKUP(A1003,Medical_Examinations!A1002:J3337,9,TRUE) -> 0 | J1003: =VLOOKUP(A1003,Medical_Examinations!A1002:J3337,10,TRUE) -> No | K1003: =VLOOKUP(A1003,Medical_Examinations!A1002:J3337,3,TRUE) -> Obesity | L1003: =VLOOKUP(A1003,Medical_Examinations!A1002:J3337,5,TRUE) -> Prediabetes | M1003: =VLOOKUP(A1003,Hospitalization!A4:K2346,5,TRUE) -> 22862 | N1003: =VLOOKUP(A1003,Hospitalization!A4:K2346,6,FALSE) -> 34 | O1003: =VLOOKUP(A994,Hospitalization!A895:K3237,11,FALSE) -> R1013 | P1003: =VLOOKUP(A1003,Hospitalization!A4:K2346,10,TRUE) -> tier - 3 | Q1003: =VLOOKUP(A1003,Hospitalization!A4:K2346,8,TRUE) -> 52590.83 | R1003: =VLOOKUP(A1003,Hospitalization!A4:K2346,9,TRUE) -> tier - 1
A1004: Id1003 | B1004: =VLOOKUP(A1004,'Customer Names'!A1004:E2322,3,TRUE) -> Ms | C1004: =VLOOKUP(A1004,'Customer Names'!A1002:E1827,4,FALSE) -> Rose | D1004: =VLOOKUP(HealthCare!A1004,Medical_Examinations!A1003:J3338,2,TRUE) -> 31.73 | E1004: =VLOOKUP(HealthCare!A1004,Medical_Examinations!A1003:J3338,4,TRUE) -> 7.32 | F1004: =VLOOKUP(A1004,Medical_Examinations!A1003:J3338,6,TRUE) -> yes | G1004: =VLOOKUP(A1004,Medical_Examinations!A1003:J3338,7,TRUE) -> No | H1004: =VLOOKUP(A1004,Medical_Examinations!A1003:J3338,8,TRUE) -> No | I1004: =VLOOKUP(A1004,Medical_Examinations!A1003:J3338,9,TRUE) -> 2 | J1004: =VLOOKUP(A1004,Medical_Examinations!A1003:J3338,10,TRUE) -> No | K1004: =VLOOKUP(A1004,Medical_Examinations!A1003:J3338,3,TRUE) -> Obesity | L1004: =VLOOKUP(A1004,Medical_Examinations!A1003:J3338,5,TRUE) -> Diabetes | M1004: =VLOOKUP(A1004,Hospitalization!A5:K2347,5,TRUE) -> 34634 | N1004: =VLOOKUP(A1004,Hospitalization!A5:K2347,6,FALSE) -> 33 | O1004: =VLOOKUP(A995,Hospitalization!A896:K3238,11,FALSE) -> R1013 | P1004: =VLOOKUP(A1004,Hospitalization!A5:K2347,10,TRUE) -> tier - 3 | Q1004: =VLOOKUP(A1004,Hospitalization!A5:K2347,8,TRUE) -> 51194.56 | R1004: =VLOOKUP(A1004,Hospitalization!A5:K2347,9,TRUE) -> tier - 1
A1005: Id1004 | B1005: =VLOOKUP(A1005,'Customer Names'!A1005:E2323,3,TRUE) -> Mr | C1005: =VLOOKUP(A1005,'Customer Names'!A1003:E1828,4,FALSE) -> Hopper | D1005: =VLOOKUP(HealthCare!A1005,Medical_Examinations!A1004:J3339,2,TRUE) -> 30.7 | E1005: =VLOOKUP(HealthCare!A1005,Medical_Examinations!A1004:J3339,4,TRUE) -> 5.16 | F1005: =VLOOKUP(A1005,Medical_Examinations!A1004:J3339,6,TRUE) -> No | G1005: =VLOOKUP(A1005,Medical_Examinations!A1004:J3339,7,TRUE) -> No | H1005: =VLOOKUP(A1005,Medical_Examinations!A1004:J3339,8,TRUE) -> No | I1005: =VLOOKUP(A1005,Medical_Examinations!A1004:J3339,9,TRUE) -> 2 | J1005: =VLOOKUP(A1005,Medical_Examinations!A1004:J3339,10,TRUE) -> No | K1005: =VLOOKUP(A1005,Medical_Examinations!A1004:J3339,3,TRUE) -> Obesity | L1005: =VLOOKUP(A1005,Medical_Examinations!A1004:J3339,5,TRUE) -> Normal | M1005: =VLOOKUP(A1005,Hospitalization!A6:K2348,5,TRUE) -> 21363 | N1005: =VLOOKUP(A1005,Hospitalization!A6:K2348,6,FALSE) -> 31 | O1005: =VLOOKUP(A996,Hospitalization!A897:K3239,11,FALSE) -> R1013 | P1005: =VLOOKUP(A1005,Hospitalization!A6:K2348,10,TRUE) -> tier - 2 | Q1005: =VLOOKUP(A1005,Hospitalization!A6:K2348,8,TRUE) -> 49577.66 | R1005: =VLOOKUP(A1005,Hospitalization!A6:K2348,9,TRUE) -> tier - 2
A1006: Id1005 | B1006: =VLOOKUP(A1006,'Customer Names'!A1006:E2324,3,TRUE) -> Mr | C1006: =VLOOKUP(A1006,'Customer Names'!A1004:E1829,4,FALSE) -> Finneran | D1006: =VLOOKUP(HealthCare!A1006,Medical_Examinations!A1005:J3340,2,TRUE) -> 25.935 | E1006: =VLOOKUP(HealthCare!A1006,Medical_Examinations!A1005:J3340,4,TRUE) -> 5.96 | F1006: =VLOOKUP(A1006,Medical_Examinations!A1005:J3340,6,TRUE) -> yes | G1006: =VLOOKUP(A1006,Medical_Examinations!A1005:J3340,7,TRUE) -> No | H1006: =VLOOKUP(A1006,Medical_Examinations!A1005:J3340,8,TRUE) -> No | I1006: =VLOOKUP(A1006,Medical_Examinations!A1005:J3340,9,TRUE) -> 2 | J1006: =VLOOKUP(A1006,Medical_Examinations!A1005:J3340,10,TRUE) -> No | K1006: =VLOOKUP(A1006,Medical_Examinations!A1005:J3340,3,TRUE) -> Overweight | L1006: =VLOOKUP(A1006,Medical_Examinations!A1005:J3340,5,TRUE) -> Prediabetes | M1006: =VLOOKUP(A1006,Hospitalization!A7:K2349,5,TRUE) -> 23258 | N1006: =VLOOKUP(A1006,Hospitalization!A7:K2349,6,FALSE) -> 23 | O1006: =VLOOKUP(A997,Hospitalization!A898:K3240,11,FALSE) -> R1013 | P1006: =VLOOKUP(A1006,Hospitalization!A7:K2349,10,TRUE) -> tier - 2 | Q1006: =VLOOKUP(A1006,Hospitalization!A7:K2349,8,TRUE) -> 48970.25 | R1006: =VLOOKUP(A1006,Hospitalization!A7:K2349,9,TRUE) -> tier - 1
A1007: Id1006 | B1007: =VLOOKUP(A1007,'Customer Names'!A1007:E2325,3,TRUE) -> Ms | C1007: =VLOOKUP(A1007,'Customer Names'!A1005:E1830,4,FALSE) -> Basham | D1007: =VLOOKUP(HealthCare!A1007,Medical_Examinations!A1006:J3341,2,TRUE) -> 35.9 | E1007: =VLOOKUP(HealthCare!A1007,Medical_Examinations!A1006:J3341,4,TRUE) -> 4.85 | F1007: =VLOOKUP(A1007,Medical_Examinations!A1006:J3341,6,TRUE) -> yes | G1007: =VLOOKUP(A1007,Medical_Examinations!A1006:J3341,7,TRUE) -> No | H1007: =VLOOKUP(A1007,Medical_Examinations!A1006:J3341,8,TRUE) -> Yes | I1007: =VLOOKUP(A1007,Medical_Examinations!A1006:J3341,9,TRUE) -> 1 | J1007: =VLOOKUP(A1007,Medical_Examinations!A1006:J3341,10,TRUE) -> No | K1007: =VLOOKUP(A1007,Medical_Examinations!A1006:J3341,3,TRUE) -> Obesity | L1007: =VLOOKUP(A1007,Medical_Examinations!A1006:J3341,5,TRUE) -> Normal | M1007: =VLOOKUP(A1007,Hospitalization!A8:K2350,5,TRUE) -> 28853 | N1007: =VLOOKUP(A1007,Hospitalization!A8:K2350,6,FALSE) -> 28 | O1007: =VLOOKUP(A998,Hospitalization!A899:K3241,11,FALSE) -> R1012 | P1007: =VLOOKUP(A1007,Hospitalization!A8:K2350,10,TRUE) -> tier - 2 | Q1007: =VLOOKUP(A1007,Hospitalization!A8:K2350,8,TRUE) -> 48885.14 | R1007: =VLOOKUP(A1007,Hospitalization!A8:K2350,9,TRUE) -> tier - 1
A1008: Id1007 | B1008: =VLOOKUP(A1008,'Customer Names'!A1008:E2326,3,TRUE) -> Ms | C1008: =VLOOKUP(A1008,'Customer Names'!A1006:E1831,4,FALSE) -> Inman | D1008: =VLOOKUP(HealthCare!A1008,Medical_Examinations!A1007:J3342,2,TRUE) -> 26.7 | E1008: =VLOOKUP(HealthCare!A1008,Medical_Examinations!A1007:J3342,4,TRUE) -> 5.09 | F1008: =VLOOKUP(A1008,Medical_Examinations!A1007:J3342,6,TRUE) -> yes | G1008: =VLOOKUP(A1008,Medical_Examinations!A1007:J3342,7,TRUE) -> No | H1008: =VLOOKUP(A1008,Medical_Examinations!A1007:J3342,8,TRUE) -> Yes | I1008: =VLOOKUP(A1008,Medical_Examinations!A1007:J3342,9,TRUE) -> 1 | J1008: =VLOOKUP(A1008,Medical_Examinations!A1007:J3342,10,TRUE) -> No | K1008: =VLOOKUP(A1008,Medical_Examinations!A1007:J3342,3,TRUE) -> Overweight | L1008: =VLOOKUP(A1008,Medical_Examinations!A1007:J3342,5,TRUE) -> Normal | M1008: =VLOOKUP(A1008,Hospitalization!A9:K2351,5,TRUE) -> 21753 | N1008: =VLOOKUP(A1008,Hospitalization!A9:K2351,6,FALSE) -> 25 | O1008: =VLOOKUP(A999,Hospitalization!A900:K3242,11,FALSE) -> R1013 | P1008: =VLOOKUP(A1008,Hospitalization!A9:K2351,10,TRUE) -> tier - 1 | Q1008: =VLOOKUP(A1008,Hospitalization!A9:K2351,8,TRUE) -> 48824.45 | R1008: =VLOOKUP(A1008,Hospitalization!A9:K2351,9,TRUE) -> tier - 2
A1009: Id1008 | B1009: =VLOOKUP(A1009,'Customer Names'!A1009:E2327,3,TRUE) -> Mr | C1009: =VLOOKUP(A1009,'Customer Names'!A1007:E1832,4,FALSE) -> Oscal | D1009: =VLOOKUP(HealthCare!A1009,Medical_Examinations!A1008:J3343,2,TRUE) -> 33.71 | E1009: =VLOOKUP(HealthCare!A1009,Medical_Examinations!A1008:J3343,4,TRUE) -> 4.94 | F1009: =VLOOKUP(A1009,Medical_Examinations!A1008:J3343,6,TRUE) -> No | G1009: =VLOOKUP(A1009,Medical_Examinations!A1008:J3343,7,TRUE) -> No | H1009: =VLOOKUP(A1009,Medical_Examinations!A1008:J3343,8,TRUE) -> No | I1009: =VLOOKUP(A1009,Medical_Examinations!A1008:J3343,9,TRUE) -> 0 | J1009: =VLOOKUP(A1009,Medical_Examinations!A1008:J3343,10,TRUE) -> No | K1009: =VLOOKUP(A1009,Medical_Examinations!A1008:J3343,3,TRUE) -> Obesity | L1009: =VLOOKUP(A1009,Medical_Examinations!A1008:J3343,5,TRUE) -> Normal | M1009: =VLOOKUP(A1009,Hospitalization!A10:K2352,5,TRUE) -> 24042 | N1009: =VLOOKUP(A1009,Hospitalization!A10:K2352,6,FALSE) -> 26 | O1009: =VLOOKUP(A1000,Hospitalization!A901:K3243,11,FALSE) -> R1013 | P1009: =VLOOKUP(A1009,Hospitalization!A10:K2352,10,TRUE) -> tier - 2 | Q1009: =VLOOKUP(A1009,Hospitalization!A10:K2352,8,TRUE) -> 48675.52 | R1009: =VLOOKUP(A1009,Hospitalization!A10:K2352,9,TRUE) -> tier - 1
A1010: Id1009 | B1010: =VLOOKUP(A1010,'Customer Names'!A1010:E2328,3,TRUE) -> Ms | C1010: =VLOOKUP(A1010,'Customer Names'!A1008:E1833,4,FALSE) -> Craft | D1010: =VLOOKUP(HealthCare!A1010,Medical_Examinations!A1009:J3344,2,TRUE) -> 41.91 | E1010: =VLOOKUP(HealthCare!A1010,Medical_Examinations!A1009:J3344,4,TRUE) -> 4.92 | F1010: =VLOOKUP(A1010,Medical_Examinations!A1009:J3344,6,TRUE) -> yes | G1010: =VLOOKUP(A1010,Medical_Examinations!A1009:J3344,7,TRUE) -> No | H1010: =VLOOKUP(A1010,Medical_Examinations!A1009:J3344,8,TRUE) -> No | I1010: =VLOOKUP(A1010,Medical_Examinations!A1009:J3344,9,TRUE) -> 2 | J1010: =VLOOKUP(A1010,Medical_Examinations!A1009:J3344,10,TRUE) -> No | K1010: =VLOOKUP(A1010,Medical_Examinations!A1009:J3344,3,TRUE) -> Obesity | L1010: =VLOOKUP(A1010,Medical_Examinations!A1009:J3344,5,TRUE) -> Normal | M1010: =VLOOKUP(A1010,Hospitalization!A11:K2353,5,TRUE) -> 22930 | N1010: =VLOOKUP(A1010,Hospitalization!A11:K2353,6,FALSE) -> 26 | O1010: =VLOOKUP(A1001,Hospitalization!A2:K2344,11,TRUE) -> R1024 | P1010: =VLOOKUP(A1010,Hospitalization!A11:K2353,10,TRUE) -> tier - 2 | Q1010: =VLOOKUP(A1010,Hospitalization!A11:K2353,8,TRUE) -> 48673.56 | R1010: =VLOOKUP(A1010,Hospitalization!A11:K2353,9,TRUE) -> tier - 1
A1011: Id1010 | B1011: =VLOOKUP(A1011,'Customer Names'!A1011:E2329,3,TRUE) -> Ms | C1011: =VLOOKUP(A1011,'Customer Names'!A1009:E1834,4,FALSE) -> Kebede | D1011: =VLOOKUP(HealthCare!A1011,Medical_Examinations!A1010:J3345,2,TRUE) -> 39.82 | E1011: =VLOOKUP(HealthCare!A1011,Medical_Examinations!A1010:J3345,4,TRUE) -> 6.05 | F1011: =VLOOKUP(A1011,Medical_Examinations!A1010:J3345,6,TRUE) -> yes | G1011: =VLOOKUP(A1011,Medical_Examinations!A1010:J3345,7,TRUE) -> No | H1011: =VLOOKUP(A1011,Medical_Examinations!A1010:J3345,8,TRUE) -> No | I1011: =VLOOKUP(A1011,Medical_Examinations!A1010:J3345,9,TRUE) -> 2 | J1011: =VLOOKUP(A1011,Medical_Examinations!A1010:J3345,10,TRUE) -> No | K1011: =VLOOKUP(A1011,Medical_Examinations!A1010:J3345,3,TRUE) -> Obesity | L1011: =VLOOKUP(A1011,Medical_Examinations!A1010:J3345,5,TRUE) -> Prediabetes | M1011: =VLOOKUP(A1011,Hospitalization!A12:K2354,5,TRUE) -> 22636 | N1011: =VLOOKUP(A1011,Hospitalization!A12:K2354,6,FALSE) -> 33 | O1011: =VLOOKUP(A1002,Hospitalization!A3:K2345,11,TRUE) -> R1012 | P1011: =VLOOKUP(A1011,Hospitalization!A12:K2354,10,TRUE) -> tier - 3 | Q1011: =VLOOKUP(A1011,Hospitalization!A12:K2354,8,TRUE) -> 48517.56 | R1011: =VLOOKUP(A1011,Hospitalization!A12:K2354,9,TRUE) -> tier - 1
A1012: Id1011 | B1012: =VLOOKUP(A1012,'Customer Names'!A1012:E2330,3,TRUE) -> Ms | C1012: =VLOOKUP(A1012,'Customer Names'!A1010:E1835,4,FALSE) -> Strobel | D1012: =VLOOKUP(HealthCare!A1012,Medical_Examinations!A1011:J3346,2,TRUE) -> 28.12 | E1012: =VLOOKUP(HealthCare!A1012,Medical_Examinations!A1011:J3346,4,TRUE) -> 4.67 | F1012: =VLOOKUP(A1012,Medical_Examinations!A1011:J3346,6,TRUE) -> No | G1012: =VLOOKUP(A1012,Medical_Examinations!A1011:J3346,7,TRUE) -> No | H1012: =VLOOKUP(A1012,Medical_Examinations!A1011:J3346,8,TRUE) -> No | I1012: =VLOOKUP(A1012,Medical_Examinations!A1011:J3346,9,TRUE) -> 2 | J1012: =VLOOKUP(A1012,Medical_Examinations!A1011:J3346,10,TRUE) -> No | K1012: =VLOOKUP(A1012,Medical_Examinations!A1011:J3346,3,TRUE) -> Overweight | L1012: =VLOOKUP(A1012,Medical_Examinations!A1011:J3346,5,TRUE) -> Normal | M1012: =VLOOKUP(A1012,Hospitalization!A13:K2355,5,TRUE) -> 22885 | N1012: =VLOOKUP(A1012,Hospitalization!A13:K2355,6,FALSE) -> 29 | O1012: =VLOOKUP(A1003,Hospitalization!A4:K2346,11,TRUE) -> R1011 | P1012: =VLOOKUP(A1012,Hospitalization!A13:K2355,10,TRUE) -> tier - 3 | Q1012: =VLOOKUP(A1012,Hospitalization!A13:K2355,8,TRUE) -> 48173.36 | R1012: =VLOOKUP(A1012,Hospitalization!A13:K2355,9,TRUE) -> tier - 1
A1013: Id1012 | B1013: =VLOOKUP(A1013,'Customer Names'!A1013:E2331,3,TRUE) -> Ms | C1013: =VLOOKUP(A1013,'Customer Names'!A1011:E1836,4,FALSE) -> Dalton | D1013: =VLOOKUP(HealthCare!A1013,Medical_Examinations!A1012:J3347,2,TRUE) -> 26.98 | E1013: =VLOOKUP(HealthCare!A1013,Medical_Examinations!A1012:J3347,4,TRUE) -> 9.81 | F1013: =VLOOKUP(A1013,Medical_Examinations!A1012:J3347,6,TRUE) -> yes | G1013: =VLOOKUP(A1013,Medical_Examinations!A1012:J3347,7,TRUE) -> No | H1013: =VLOOKUP(A1013,Medical_Examinations!A1012:J3347,8,TRUE) -> No | I1013: =VLOOKUP(A1013,Medical_Examinations!A1012:J3347,9,TRUE) -> 0 | J1013: =VLOOKUP(A1013,Medical_Examinations!A1012:J3347,10,TRUE) -> No | K1013: =VLOOKUP(A1013,Medical_Examinations!A1012:J3347,3,TRUE) -> Overweight | L1013: =VLOOKUP(A1013,Medical_Examinations!A1012:J3347,5,TRUE) -> Diabetes | M1013: =VLOOKUP(A1013,Hospitalization!A14:K2356,5,TRUE) -> 21505 | N1013: =VLOOKUP(A1013,Hospitalization!A14:K2356,6,FALSE) -> 33 | O1013: =VLOOKUP(A1004,Hospitalization!A5:K2347,11,TRUE) -> R1011 | P1013: =VLOOKUP(A1013,Hospitalization!A14:K2356,10,TRUE) -> tier - 3 | Q1013: =VLOOKUP(A1013,Hospitalization!A14:K2356,8,TRUE) -> 47928.03 | R1013: =VLOOKUP(A1013,Hospitalization!A14:K2356,9,TRUE) -> tier - 2
A1014: Id1013 | B1014: =VLOOKUP(A1014,'Customer Names'!A1014:E2332,3,TRUE) -> Ms | C1014: =VLOOKUP(A1014,'Customer Names'!A1012:E1837,4,FALSE) -> Morimoto | D1014: =VLOOKUP(HealthCare!A1014,Medical_Examinations!A1013:J3348,2,TRUE) -> 27.2 | E1014: =VLOOKUP(HealthCare!A1014,Medical_Examinations!A1013:J3348,4,TRUE) -> 6.06 | F1014: =VLOOKUP(A1014,Medical_Examinations!A1013:J3348,6,TRUE) -> yes | G1014: =VLOOKUP(A1014,Medical_Examinations!A1013:J3348,7,TRUE) -> No | H1014: =VLOOKUP(A1014,Medical_Examinations!A1013:J3348,8,TRUE) -> No | I1014: =VLOOKUP(A1014,Medical_Examinations!A1013:J3348,9,TRUE) -> 2 | J1014: =VLOOKUP(A1014,Medical_Examinations!A1013:J3348,10,TRUE) -> No | K1014: =VLOOKUP(A1014,Medical_Examinations!A1013:J3348,3,TRUE) -> Overweight | L1014: =VLOOKUP(A1014,Medical_Examinations!A1013:J3348,5,TRUE) -> Prediabetes | M1014: =VLOOKUP(A1014,Hospitalization!A15:K2357,5,TRUE) -> 23228 | N1014: =VLOOKUP(A1014,Hospitalization!A15:K2357,6,FALSE) -> 30 | O1014: =VLOOKUP(A1005,Hospitalization!A6:K2348,11,TRUE) -> R1013 | P1014: =VLOOKUP(A1014,Hospitalization!A15:K2357,10,TRUE) -> tier - 3 | Q1014: =VLOOKUP(A1014,Hospitalization!A15:K2357,8,TRUE) -> 47896.79 | R1014: =VLOOKUP(A1014,Hospitalization!A15:K2357,9,TRUE) -> tier - 1
A1015: Id1014 | B1015: =VLOOKUP(A1015,'Customer Names'!A1015:E2333,3,TRUE) -> Ms | C1015: =VLOOKUP(A1015,'Customer Names'!A1013:E1838,4,FALSE) -> Manlove | D1015: =VLOOKUP(HealthCare!A1015,Medical_Examinations!A1014:J3349,2,TRUE) -> 25.3 | E1015: =VLOOKUP(HealthCare!A1015,Medical_Examinations!A1014:J3349,4,TRUE) -> 5.19 | F1015: =VLOOKUP(A1015,Medical_Examinations!A1014:J3349,6,TRUE) -> yes | G1015: =VLOOKUP(A1015,Medical_Examinations!A1014:J3349,7,TRUE) -> No | H1015: =VLOOKUP(A1015,Medical_Examinations!A1014:J3349,8,TRUE) -> No | I1015: =VLOOKUP(A1015,Medical_Examinations!A1014:J3349,9,TRUE) -> 2 | J1015: =VLOOKUP(A1015,Medical_Examinations!A1014:J3349,10,TRUE) -> No | K1015: =VLOOKUP(A1015,Medical_Examinations!A1014:J3349,3,TRUE) -> Overweight | L1015: =VLOOKUP(A1015,Medical_Examinations!A1014:J3349,5,TRUE) -> Normal | M1015: =VLOOKUP(A1015,Hospitalization!A16:K2358,5,TRUE) -> 23688 | N1015: =VLOOKUP(A1015,Hospitalization!A16:K2358,6,FALSE) -> 30 | O1015: =VLOOKUP(A1006,Hospitalization!A7:K2349,11,TRUE) -> R1013 | P1015: =VLOOKUP(A1015,Hospitalization!A16:K2358,10,TRUE) -> tier - 3 | Q1015: =VLOOKUP(A1015,Hospitalization!A16:K2358,8,TRUE) -> 47496.49 | R1015: =VLOOKUP(A1015,Hospitalization!A16:K2358,9,TRUE) -> tier - 1
A1016: Id1015 | B1016: =VLOOKUP(A1016,'Customer Names'!A1016:E2334,3,TRUE) -> Ms | C1016: =VLOOKUP(A1016,'Customer Names'!A1014:E1839,4,FALSE) -> Madzik | D1016: =VLOOKUP(HealthCare!A1016,Medical_Examinations!A1015:J3350,2,TRUE) -> 30.25 | E1016: =VLOOKUP(HealthCare!A1016,Medical_Examinations!A1015:J3350,4,TRUE) -> 10.16 | F1016: =VLOOKUP(A1016,Medical_Examinations!A1015:J3350,6,TRUE) -> No | G1016: =VLOOKUP(A1016,Medical_Examinations!A1015:J3350,7,TRUE) -> No | H1016: =VLOOKUP(A1016,Medical_Examinations!A1015:J3350,8,TRUE) -> No | I1016: =VLOOKUP(A1016,Medical_Examinations!A1015:J3350,9,TRUE) -> 0 | J1016: =VLOOKUP(A1016,Medical_Examinations!A1015:J3350,10,TRUE) -> No | K1016: =VLOOKUP(A1016,Medical_Examinations!A1015:J3350,3,TRUE) -> Obesity | L1016: =VLOOKUP(A1016,Medical_Examinations!A1015:J3350,5,TRUE) -> Diabetes | M1016: =VLOOKUP(A1016,Hospitalization!A17:K2359,5,TRUE) -> 26203 | N1016: =VLOOKUP(A1016,Hospitalization!A17:K2359,6,FALSE) -> 22 | O1016: =VLOOKUP(A1007,Hospitalization!A8:K2350,11,TRUE) -> R1013 | P1016: =VLOOKUP(A1016,Hospitalization!A17:K2359,10,TRUE) -> tier - 2 | Q1016: =VLOOKUP(A1016,Hospitalization!A17:K2359,8,TRUE) -> 47462.89 | R1016: =VLOOKUP(A1016,Hospitalization!A17:K2359,9,TRUE) -> tier - 1
A1017: Id1016 | B1017: =VLOOKUP(A1017,'Customer Names'!A1017:E2335,3,TRUE) -> Ms | C1017: =VLOOKUP(A1017,'Customer Names'!A1015:E1840,4,FALSE) -> Hobson | D1017: =VLOOKUP(HealthCare!A1017,Medical_Examinations!A1016:J3351,2,TRUE) -> 54 | E1017: =VLOOKUP(HealthCare!A1017,Medical_Examinations!A1016:J3351,4,TRUE) -> 4.68 | F1017: =VLOOKUP(A1017,Medical_Examinations!A1016:J3351,6,TRUE) -> yes | G1017: =VLOOKUP(A1017,Medical_Examinations!A1016:J3351,7,TRUE) -> yes | H1017: =VLOOKUP(A1017,Medical_Examinations!A1016:J3351,8,TRUE) -> No | I1017: =VLOOKUP(A1017,Medical_Examinations!A1016:J3351,9,TRUE) -> 2 | J1017: =VLOOKUP(A1017,Medical_Examinations!A1016:J3351,10,TRUE) -> No | K1017: =VLOOKUP(A1017,Medical_Examinations!A1016:J3351,3,TRUE) -> Obesity | L1017: =VLOOKUP(A1017,Medical_Examinations!A1016:J3351,5,TRUE) -> Normal | M1017: =VLOOKUP(A1017,Hospitalization!A18:K2360,5,TRUE) -> 22445 | N1017: =VLOOKUP(A1017,Hospitalization!A18:K2360,6,FALSE) -> 25 | O1017: =VLOOKUP(A1008,Hospitalization!A9:K2351,11,TRUE) -> R1011 | P1017: =VLOOKUP(A1017,Hospitalization!A18:K2360,10,TRUE) -> tier - 3 | Q1017: =VLOOKUP(A1017,Hospitalization!A18:K2360,8,TRUE) -> 47403.88 | R1017: =VLOOKUP(A1017,Hospitalization!A18:K2360,9,TRUE) -> tier - 1
A1018: Id1017 | B1018: =VLOOKUP(A1018,'Customer Names'!A1018:E2336,3,TRUE) -> Mrs | C1018: =VLOOKUP(A1018,'Customer Names'!A1016:E1841,4,FALSE) -> Reyes | D1018: =VLOOKUP(HealthCare!A1018,Medical_Examinations!A1017:J3352,2,TRUE) -> 51.86 | E1018: =VLOOKUP(HealthCare!A1018,Medical_Examinations!A1017:J3352,4,TRUE) -> 5.32 | F1018: =VLOOKUP(A1018,Medical_Examinations!A1017:J3352,6,TRUE) -> yes | G1018: =VLOOKUP(A1018,Medical_Examinations!A1017:J3352,7,TRUE) -> No | H1018: =VLOOKUP(A1018,Medical_Examinations!A1017:J3352,8,TRUE) -> No | I1018: =VLOOKUP(A1018,Medical_Examinations!A1017:J3352,9,TRUE) -> 0 | J1018: =VLOOKUP(A1018,Medical_Examinations!A1017:J3352,10,TRUE) -> No | K1018: =VLOOKUP(A1018,Medical_Examinations!A1017:J3352,3,TRUE) -> Obesity | L1018: =VLOOKUP(A1018,Medical_Examinations!A1017:J3352,5,TRUE) -> Normal | M1018: =VLOOKUP(A1018,Hospitalization!A19:K2361,5,TRUE) -> 21827 | N1018: =VLOOKUP(A1018,Hospitalization!A19:K2361,6,FALSE) -> 32 | O1018: =VLOOKUP(A1009,Hospitalization!A10:K2352,11,TRUE) -> R1013 | P1018: =VLOOKUP(A1018,Hospitalization!A19:K2361,10,TRUE) -> tier - 1 | Q1018: =VLOOKUP(A1018,Hospitalization!A19:K2361,8,TRUE) -> 47305.31 | R1018: =VLOOKUP(A1018,Hospitalization!A19:K2361,9,TRUE) -> tier - 2
A1019: Id1018 | B1019: =VLOOKUP(A1019,'Customer Names'!A1019:E2337,3,TRUE) -> Mrs | C1019: =VLOOKUP(A1019,'Customer Names'!A1017:E1842,4,FALSE) -> Tierney | D1019: =VLOOKUP(HealthCare!A1019,Medical_Examinations!A1018:J3353,2,TRUE) -> 31.39 | E1019: =VLOOKUP(HealthCare!A1019,Medical_Examinations!A1018:J3353,4,TRUE) -> 6.99 | F1019: =VLOOKUP(A1019,Medical_Examinations!A1018:J3353,6,TRUE) -> No | G1019: =VLOOKUP(A1019,Medical_Examinations!A1018:J3353,7,TRUE) -> No | H1019: =VLOOKUP(A1019,Medical_Examinations!A1018:J3353,8,TRUE) -> No | I1019: =VLOOKUP(A1019,Medical_Examinations!A1018:J3353,9,TRUE) -> 0 | J1019: =VLOOKUP(A1019,Medical_Examinations!A1018:J3353,10,TRUE) -> No | K1019: =VLOOKUP(A1019,Medical_Examinations!A1018:J3353,3,TRUE) -> Obesity | L1019: =VLOOKUP(A1019,Medical_Examinations!A1018:J3353,5,TRUE) -> Diabetes | M1019: =VLOOKUP(A1019,Hospitalization!A20:K2362,5,TRUE) -> 21431 | N1019: =VLOOKUP(A1019,Hospitalization!A20:K2362,6,FALSE) -> 31 | O1019: =VLOOKUP(A1010,Hospitalization!A11:K2353,11,TRUE) -> R1013 | P1019: =VLOOKUP(A1019,Hospitalization!A20:K2362,10,TRUE) -> tier - 1 | Q1019: =VLOOKUP(A1019,Hospitalization!A20:K2362,8,TRUE) -> 47291.06 | R1019: =VLOOKUP(A1019,Hospitalization!A20:K2362,9,TRUE) -> tier - 2
A1020: Id1019 | B1020: =VLOOKUP(A1020,'Customer Names'!A1020:E2338,3,TRUE) -> Mr | C1020: =VLOOKUP(A1020,'Customer Names'!A1018:E1843,4,FALSE) -> Gabris | D1020: =VLOOKUP(HealthCare!A1020,Medical_Examinations!A1019:J3354,2,TRUE) -> 39.97 | E1020: =VLOOKUP(HealthCare!A1020,Medical_Examinations!A1019:J3354,4,TRUE) -> 5.55 | F1020: =VLOOKUP(A1020,Medical_Examinations!A1019:J3354,6,TRUE) -> No | G1020: =VLOOKUP(A1020,Medical_Examinations!A1019:J3354,7,TRUE) -> No | H1020: =VLOOKUP(A1020,Medical_Examinations!A1019:J3354,8,TRUE) -> No | I1020: =VLOOKUP(A1020,Medical_Examinations!A1019:J3354,9,TRUE) -> 0 | J1020: =VLOOKUP(A1020,Medical_Examinations!A1019:J3354,10,TRUE) -> No | K1020: =VLOOKUP(A1020,Medical_Examinations!A1019:J3354,3,TRUE) -> Obesity | L1020: =VLOOKUP(A1020,Medical_Examinations!A1019:J3354,5,TRUE) -> Normal | M1020: =VLOOKUP(A1020,Hospitalization!A21:K2363,5,TRUE) -> 25930 | N1020: =VLOOKUP(A1020,Hospitalization!A21:K2363,6,FALSE) -> 30 | O1020: =VLOOKUP(A1011,Hospitalization!A12:K2354,11,TRUE) -> R1024 | P1020: =VLOOKUP(A1020,Hospitalization!A21:K2363,10,TRUE) -> tier - 2 | Q1020: =VLOOKUP(A1020,Hospitalization!A21:K2363,8,TRUE) -> 47269.85 | R1020: =VLOOKUP(A1020,Hospitalization!A21:K2363,9,TRUE) -> tier - 1
A1021: Id1020 | B1021: =VLOOKUP(A1021,'Customer Names'!A1021:E2339,3,TRUE) -> Ms | C1021: =VLOOKUP(A1021,'Customer Names'!A1019:E1844,4,FALSE) -> Howard | D1021: =VLOOKUP(HealthCare!A1021,Medical_Examinations!A1020:J3355,2,TRUE) -> 41.23 | E1021: =VLOOKUP(HealthCare!A1021,Medical_Examinations!A1020:J3355,4,TRUE) -> 6.94 | F1021: =VLOOKUP(A1021,Medical_Examinations!A1020:J3355,6,TRUE) -> No | G1021: =VLOOKUP(A1021,Medical_Examinations!A1020:J3355,7,TRUE) -> No | H1021: =VLOOKUP(A1021,Medical_Examinations!A1020:J3355,8,TRUE) -> No | I1021: =VLOOKUP(A1021,Medical_Examinations!A1020:J3355,9,TRUE) -> 0 | J1021: =VLOOKUP(A1021,Medical_Examinations!A1020:J3355,10,TRUE) -> No | K1021: =VLOOKUP(A1021,Medical_Examinations!A1020:J3355,3,TRUE) -> Obesity | L1021: =VLOOKUP(A1021,Medical_Examinations!A1020:J3355,5,TRUE) -> Diabetes | M1021: =VLOOKUP(A1021,Hospitalization!A22:K2364,5,TRUE) -> 21443 | N1021: =VLOOKUP(A1021,Hospitalization!A22:K2364,6,FALSE) -> 31 | O1021: =VLOOKUP(A1012,Hospitalization!A13:K2355,11,TRUE) -> R1011 | P1021: =VLOOKUP(A1021,Hospitalization!A22:K2364,10,TRUE) -> tier - 3 | Q1021: =VLOOKUP(A1021,Hospitalization!A22:K2364,8,TRUE) -> 46889.26 | R1021: =VLOOKUP(A1021,Hospitalization!A22:K2364,9,TRUE) -> tier - 2
... A1177: Id1176 | B1177: =VLOOKUP(A1177,'Customer Names'!A1177:E2495,3,TRUE) -> Mr | C1177: =VLOOKUP(A1177,'Customer Names'!A1175:E2000,4,FALSE) -> Kromroy | D1177: =VLOOKUP(HealthCare!A1177,Medical_Examinations!A1176:J3511,2,TRUE) -> 23.01 | E1177: =VLOOKUP(HealthCare!A1177,Medical_Examinations!A1176:J3511,4,TRUE) -> 6.04 | F1177: =VLOOKUP(A1177,Medical_Examinations!A1176:J3511,6,TRUE) -> yes | G1177: =VLOOKUP(A1177,Medical_Examinations!A1176:J3511,7,TRUE) -> No | H1177: =VLOOKUP(A1177,Medical_Examinations!A1176:J3511,8,TRUE) -> No | I1177: =VLOOKUP(A1177,Medical_Examinations!A1176:J3511,9,TRUE) -> 1 | J1177: =VLOOKUP(A1177,Medical_Examinations!A1176:J3511,10,TRUE) -> No | K1177: =VLOOKUP(A1177,Medical_Examinations!A1176:J3511,3,TRUE) -> Normal Weight | L1177: =VLOOKUP(A1177,Medical_Examinations!A1176:J3511,5,TRUE) -> Prediabetes | M1177: =VLOOKUP(A1177,Hospitalization!A178:K2520,5,TRUE) -> 34331 | N1177: =VLOOKUP(A1177,Hospitalization!A178:K2520,6,FALSE) -> 26 | O1177: =VLOOKUP(A1168,Hospitalization!A169:K2511,11,TRUE) -> R1013 | P1177: =VLOOKUP(A1177,Hospitalization!A178:K2520,10,TRUE) -> tier - 3 | Q1177: =VLOOKUP(A1177,Hospitalization!A178:K2520,8,TRUE) -> 36197.7 | R1177: =VLOOKUP(A1177,Hospitalization!A178:K2520,9,TRUE) -> tier - 1
A1178: Id1177 | B1178: =VLOOKUP(A1178,'Customer Names'!A1178:E2496,3,TRUE) -> Mr | C1178: =VLOOKUP(A1178,'Customer Names'!A1176:E2001,4,FALSE) -> Manfredi | D1178: =VLOOKUP(HealthCare!A1178,Medical_Examinations!A1177:J3512,2,TRUE) -> 31.39 | E1178: =VLOOKUP(HealthCare!A1178,Medical_Examinations!A1177:J3512,4,TRUE) -> 8.85 | F1178: =VLOOKUP(A1178,Medical_Examinations!A1177:J3512,6,TRUE) -> yes | G1178: =VLOOKUP(A1178,Medical_Examinations!A1177:J3512,7,TRUE) -> No | H1178: =VLOOKUP(A1178,Medical_Examinations!A1177:J3512,8,TRUE) -> No | I1178: =VLOOKUP(A1178,Medical_Examinations!A1177:J3512,9,TRUE) -> 0 | J1178: =VLOOKUP(A1178,Medical_Examinations!A1177:J3512,10,TRUE) -> No | K1178: =VLOOKUP(A1178,Medical_Examinations!A1177:J3512,3,TRUE) -> Obesity | L1178: =VLOOKUP(A1178,Medical_Examinations!A1177:J3512,5,TRUE) -> Diabetes | M1178: =VLOOKUP(A1178,Hospitalization!A8:K2350,5,FALSE) -> 36434 | N1178: =VLOOKUP(A1178,Hospitalization!A179:K2521,6,FALSE) -> 22 | O1178: =VLOOKUP(A1169,Hospitalization!A170:K2512,11,TRUE) -> R1011 | P1178: =VLOOKUP(A1178,Hospitalization!A179:K2521,10,TRUE) -> tier - 3 | Q1178: =VLOOKUP(A1178,Hospitalization!A179:K2521,8,TRUE) -> 36189.1 | R1178: =VLOOKUP(A1178,Hospitalization!A179:K2521,9,TRUE) -> tier - 1
A1179: Id1178 | B1179: =VLOOKUP(A1179,'Customer Names'!A1179:E2497,3,TRUE) -> Ms | C1179: =VLOOKUP(A1179,'Customer Names'!A1177:E2002,4,FALSE) -> Manwaring | D1179: =VLOOKUP(HealthCare!A1179,Medical_Examinations!A1178:J3513,2,TRUE) -> 34.77 | E1179: =VLOOKUP(HealthCare!A1179,Medical_Examinations!A1178:J3513,4,TRUE) -> 10.54 | F1179: =VLOOKUP(A1179,Medical_Examinations!A1178:J3513,6,TRUE) -> No | G1179: =VLOOKUP(A1179,Medical_Examinations!A1178:J3513,7,TRUE) -> No | H1179: =VLOOKUP(A1179,Medical_Examinations!A1178:J3513,8,TRUE) -> No | I1179: =VLOOKUP(A1179,Medical_Examinations!A1178:J3513,9,TRUE) -> 2 | J1179: =VLOOKUP(A1179,Medical_Examinations!A1178:J3513,10,TRUE) -> No | K1179: =VLOOKUP(A1179,Medical_Examinations!A1178:J3513,3,TRUE) -> Obesity | L1179: =VLOOKUP(A1179,Medical_Examinations!A1178:J3513,5,TRUE) -> Diabetes | M1179: =VLOOKUP(A1179,Hospitalization!A9:K2351,5,FALSE) -> 27369 | N1179: =VLOOKUP(A1179,Hospitalization!A180:K2522,6,FALSE) -> 25 | O1179: =VLOOKUP(A1170,Hospitalization!A171:K2513,11,TRUE) -> R1011 | P1179: =VLOOKUP(A1179,Hospitalization!A180:K2522,10,TRUE) -> tier - 3 | Q1179: =VLOOKUP(A1179,Hospitalization!A180:K2522,8,TRUE) -> 36182.87 | R1179: =VLOOKUP(A1179,Hospitalization!A180:K2522,9,TRUE) -> tier - 2
A1180: Id1179 | B1180: =VLOOKUP(A1180,'Customer Names'!A1180:E2498,3,TRUE) -> Mr | C1180: =VLOOKUP(A1180,'Customer Names'!A1178:E2003,4,FALSE) -> Tomaszewski | D1180: =VLOOKUP(HealthCare!A1180,Medical_Examinations!A1179:J3514,2,TRUE) -> 24.48 | E1180: =VLOOKUP(HealthCare!A1180,Medical_Examinations!A1179:J3514,4,TRUE) -> 4.37 | F1180: =VLOOKUP(A1180,Medical_Examinations!A1179:J3514,6,TRUE) -> yes | G1180: =VLOOKUP(A1180,Medical_Examinations!A1179:J3514,7,TRUE) -> No | H1180: =VLOOKUP(A1180,Medical_Examinations!A1179:J3514,8,TRUE) -> No | I1180: =VLOOKUP(A1180,Medical_Examinations!A1179:J3514,9,TRUE) -> 2 | J1180: =VLOOKUP(A1180,Medical_Examinations!A1179:J3514,10,TRUE) -> No | K1180: =VLOOKUP(A1180,Medical_Examinations!A1179:J3514,3,TRUE) -> Normal Weight | L1180: =VLOOKUP(A1180,Medical_Examinations!A1179:J3514,5,TRUE) -> Normal | M1180: =VLOOKUP(A1180,Hospitalization!A10:K2352,5,FALSE) -> 38229 | N1180: =VLOOKUP(A1180,Hospitalization!A181:K2523,6,FALSE) -> 25 | O1180: =VLOOKUP(A1171,Hospitalization!A172:K2514,11,TRUE) -> R1011 | P1180: =VLOOKUP(A1180,Hospitalization!A181:K2523,10,TRUE) -> tier - 2 | Q1180: =VLOOKUP(A1180,Hospitalization!A181:K2523,8,TRUE) -> 36149.48 | R1180: =VLOOKUP(A1180,Hospitalization!A181:K2523,9,TRUE) -> tier - 2
A1181: Id1180 | B1181: =VLOOKUP(A1181,'Customer Names'!A1181:E2499,3,TRUE) -> Ms | C1181: =VLOOKUP(A1181,'Customer Names'!A1179:E2004,4,FALSE) -> Gannon | D1181: =VLOOKUP(HealthCare!A1181,Medical_Examinations!A1180:J3515,2,TRUE) -> 22.61 | E1181: =VLOOKUP(HealthCare!A1181,Medical_Examinations!A1180:J3515,4,TRUE) -> 9.63 | F1181: =VLOOKUP(A1181,Medical_Examinations!A1180:J3515,6,TRUE) -> No | G1181: =VLOOKUP(A1181,Medical_Examinations!A1180:J3515,7,TRUE) -> No | H1181: =VLOOKUP(A1181,Medical_Examinations!A1180:J3515,8,TRUE) -> No | I1181: =VLOOKUP(A1181,Medical_Examinations!A1180:J3515,9,TRUE) -> 2 | J1181: =VLOOKUP(A1181,Medical_Examinations!A1180:J3515,10,TRUE) -> No | K1181: =VLOOKUP(A1181,Medical_Examinations!A1180:J3515,3,TRUE) -> Normal Weight | L1181: =VLOOKUP(A1181,Medical_Examinations!A1180:J3515,5,TRUE) -> Diabetes | M1181: =VLOOKUP(A1181,Hospitalization!A11:K2353,5,FALSE) -> 29163 | N1181: =VLOOKUP(A1181,Hospitalization!A182:K2524,6,FALSE) -> 37 | O1181: =VLOOKUP(A1172,Hospitalization!A173:K2515,11,TRUE) -> R1011 | P1181: =VLOOKUP(A1181,Hospitalization!A182:K2524,10,TRUE) -> tier - 2 | Q1181: =VLOOKUP(A1181,Hospitalization!A182:K2524,8,TRUE) -> 36090.49 | R1181: =VLOOKUP(A1181,Hospitalization!A182:K2524,9,TRUE) -> tier - 2
A1182: Id1181 | B1182: =VLOOKUP(A1182,'Customer Names'!A1182:E2500,3,TRUE) -> Mr | C1182: =VLOOKUP(A1182,'Customer Names'!A1180:E2005,4,FALSE) -> Frye | D1182: =VLOOKUP(HealthCare!A1182,Medical_Examinations!A1181:J3516,2,TRUE) -> 34.3 | E1182: =VLOOKUP(HealthCare!A1182,Medical_Examinations!A1181:J3516,4,TRUE) -> 10.37 | F1182: =VLOOKUP(A1182,Medical_Examinations!A1181:J3516,6,TRUE) -> No | G1182: =VLOOKUP(A1182,Medical_Examinations!A1181:J3516,7,TRUE) -> No | H1182: =VLOOKUP(A1182,Medical_Examinations!A1181:J3516,8,TRUE) -> No | I1182: =VLOOKUP(A1182,Medical_Examinations!A1181:J3516,9,TRUE) -> 0 | J1182: =VLOOKUP(A1182,Medical_Examinations!A1181:J3516,10,TRUE) -> No | K1182: =VLOOKUP(A1182,Medical_Examinations!A1181:J3516,3,TRUE) -> Obesity | L1182: =VLOOKUP(A1182,Medical_Examinations!A1181:J3516,5,TRUE) -> Diabetes | M1182: =VLOOKUP(A1182,Hospitalization!A12:K2354,5,FALSE) -> 35297 | N1182: =VLOOKUP(A1182,Hospitalization!A183:K2525,6,FALSE) -> 23 | O1182: =VLOOKUP(A1173,Hospitalization!A174:K2516,11,TRUE) -> R1011 | P1182: =VLOOKUP(A1182,Hospitalization!A183:K2525,10,TRUE) -> tier - 1 | Q1182: =VLOOKUP(A1182,Hospitalization!A183:K2525,8,TRUE) -> 36085.22 | R1182: =VLOOKUP(A1182,Hospitalization!A183:K2525,9,TRUE) -> tier - 1
A1183: Id1182 | B1183: =VLOOKUP(A1183,'Customer Names'!A1183:E2501,3,TRUE) -> Ms | C1183: =VLOOKUP(A1183,'Customer Names'!A1181:E2006,4,FALSE) -> Jenkins | D1183: =VLOOKUP(HealthCare!A1183,Medical_Examinations!A1182:J3517,2,TRUE) -> 46.09 | E1183: =VLOOKUP(HealthCare!A1183,Medical_Examinations!A1182:J3517,4,TRUE) -> 5.44 | F1183: =VLOOKUP(A1183,Medical_Examinations!A1182:J3517,6,TRUE) -> No | G1183: =VLOOKUP(A1183,Medical_Examinations!A1182:J3517,7,TRUE) -> No | H1183: =VLOOKUP(A1183,Medical_Examinations!A1182:J3517,8,TRUE) -> No | I1183: =VLOOKUP(A1183,Medical_Examinations!A1182:J3517,9,TRUE) -> 2 | J1183: =VLOOKUP(A1183,Medical_Examinations!A1182:J3517,10,TRUE) -> No | K1183: =VLOOKUP(A1183,Medical_Examinations!A1182:J3517,3,TRUE) -> Obesity | L1183: =VLOOKUP(A1183,Medical_Examinations!A1182:J3517,5,TRUE) -> Normal | M1183: =VLOOKUP(A1183,Hospitalization!A13:K2355,5,FALSE) -> 23214 | N1183: =VLOOKUP(A1183,Hospitalization!A184:K2526,6,FALSE) -> 21 | O1183: =VLOOKUP(A1174,Hospitalization!A175:K2517,11,TRUE) -> R1011 | P1183: =VLOOKUP(A1183,Hospitalization!A184:K2526,10,TRUE) -> tier - 1 | Q1183: =VLOOKUP(A1183,Hospitalization!A184:K2526,8,TRUE) -> 36074.34 | R1183: =VLOOKUP(A1183,Hospitalization!A184:K2526,9,TRUE) -> tier - 2
A1184: Id1183 | B1184: =VLOOKUP(A1184,'Customer Names'!A1184:E2502,3,TRUE) -> Ms | C1184: =VLOOKUP(A1184,'Customer Names'!A1182:E2007,4,FALSE) -> Currier | D1184: =VLOOKUP(HealthCare!A1184,Medical_Examinations!A1183:J3518,2,TRUE) -> 44.745 | E1184: =VLOOKUP(HealthCare!A1184,Medical_Examinations!A1183:J3518,4,TRUE) -> 5.19 | F1184: =VLOOKUP(A1184,Medical_Examinations!A1183:J3518,6,TRUE) -> No | G1184: =VLOOKUP(A1184,Medical_Examinations!A1183:J3518,7,TRUE) -> No | H1184: =VLOOKUP(A1184,Medical_Examinations!A1183:J3518,8,TRUE) -> No | I1184: =VLOOKUP(A1184,Medical_Examinations!A1183:J3518,9,TRUE) -> 2 | J1184: =VLOOKUP(A1184,Medical_Examinations!A1183:J3518,10,TRUE) -> No | K1184: =VLOOKUP(A1184,Medical_Examinations!A1183:J3518,3,TRUE) -> Obesity | L1184: =VLOOKUP(A1184,Medical_Examinations!A1183:J3518,5,TRUE) -> Normal | M1184: =VLOOKUP(A1184,Hospitalization!A14:K2356,5,FALSE) -> 36407 | N1184: =VLOOKUP(A1184,Hospitalization!A185:K2527,6,FALSE) -> 23 | O1184: =VLOOKUP(A1175,Hospitalization!A176:K2518,11,TRUE) -> R1013 | P1184: =VLOOKUP(A1184,Hospitalization!A185:K2527,10,TRUE) -> tier - 3 | Q1184: =VLOOKUP(A1184,Hospitalization!A185:K2527,8,TRUE) -> 36021.01 | R1184: =VLOOKUP(A1184,Hospitalization!A185:K2527,9,TRUE) -> tier - 2
A1185: Id1184 | B1185: =VLOOKUP(A1185,'Customer Names'!A1185:E2503,3,TRUE) -> Mrs | C1185: =VLOOKUP(A1185,'Customer Names'!A1183:E2008,4,FALSE) -> Whittendale | D1185: =VLOOKUP(HealthCare!A1185,Medical_Examinations!A1184:J3519,2,TRUE) -> 26.33 | E1185: =VLOOKUP(HealthCare!A1185,Medical_Examinations!A1184:J3519,4,TRUE) -> 11.8 | F1185: =VLOOKUP(A1185,Medical_Examinations!A1184:J3519,6,TRUE) -> yes | G1185: =VLOOKUP(A1185,Medical_Examinations!A1184:J3519,7,TRUE) -> No | H1185: =VLOOKUP(A1185,Medical_Examinations!A1184:J3519,8,TRUE) -> No | I1185: =VLOOKUP(A1185,Medical_Examinations!A1184:J3519,9,TRUE) -> 1 | J1185: =VLOOKUP(A1185,Medical_Examinations!A1184:J3519,10,TRUE) -> No | K1185: =VLOOKUP(A1185,Medical_Examinations!A1184:J3519,3,TRUE) -> Overweight | L1185: =VLOOKUP(A1185,Medical_Examinations!A1184:J3519,5,TRUE) -> Diabetes | M1185: =VLOOKUP(A1185,Hospitalization!A15:K2357,5,FALSE) -> 29912 | N1185: =VLOOKUP(A1185,Hospitalization!A186:K2528,6,FALSE) -> 22 | O1185: =VLOOKUP(A1176,Hospitalization!A177:K2519,11,TRUE) -> R1012 | P1185: =VLOOKUP(A1185,Hospitalization!A186:K2528,10,TRUE) -> tier - 3 | Q1185: =VLOOKUP(A1185,Hospitalization!A186:K2528,8,TRUE) -> 35952.65 | R1185: =VLOOKUP(A1185,Hospitalization!A186:K2528,9,TRUE) -> tier - 1
A1186: Id1185 | B1186: =VLOOKUP(A1186,'Customer Names'!A1186:E2504,3,TRUE) -> Mr | C1186: =VLOOKUP(A1186,'Customer Names'!A1184:E2009,4,FALSE) -> Rixe | D1186: =VLOOKUP(HealthCare!A1186,Medical_Examinations!A1185:J3520,2,TRUE) -> 26.6 | E1186: =VLOOKUP(HealthCare!A1186,Medical_Examinations!A1185:J3520,4,TRUE) -> 8.38 | F1186: =VLOOKUP(A1186,Medical_Examinations!A1185:J3520,6,TRUE) -> No | G1186: =VLOOKUP(A1186,Medical_Examinations!A1185:J3520,7,TRUE) -> No | H1186: =VLOOKUP(A1186,Medical_Examinations!A1185:J3520,8,TRUE) -> No | I1186: =VLOOKUP(A1186,Medical_Examinations!A1185:J3520,9,TRUE) -> 2 | J1186: =VLOOKUP(A1186,Medical_Examinations!A1185:J3520,10,TRUE) -> No | K1186: =VLOOKUP(A1186,Medical_Examinations!A1185:J3520,3,TRUE) -> Overweight | L1186: =VLOOKUP(A1186,Medical_Examinations!A1185:J3520,5,TRUE) -> Diabetes | M1186: =VLOOKUP(A1186,Hospitalization!A16:K2358,5,FALSE) -> 33773 | N1186: =VLOOKUP(A1186,Hospitalization!A187:K2529,6,FALSE) -> 23 | O1186: =VLOOKUP(A1177,Hospitalization!A178:K2520,11,TRUE) -> R1011 | P1186: =VLOOKUP(A1186,Hospitalization!A187:K2529,10,TRUE) -> tier - 1 | Q1186: =VLOOKUP(A1186,Hospitalization!A187:K2529,8,TRUE) -> 35883.27 | R1186: =VLOOKUP(A1186,Hospitalization!A187:K2529,9,TRUE) -> tier - 2
A1187: Id1186 | B1187: =VLOOKUP(A1187,'Customer Names'!A1187:E2505,3,TRUE) -> Ms | C1187: =VLOOKUP(A1187,'Customer Names'!A1185:E2010,4,FALSE) -> Ballon-Landa | D1187: =VLOOKUP(HealthCare!A1187,Medical_Examinations!A1186:J3521,2,TRUE) -> 27.5 | E1187: =VLOOKUP(HealthCare!A1187,Medical_Examinations!A1186:J3521,4,TRUE) -> 7.58 | F1187: =VLOOKUP(A1187,Medical_Examinations!A1186:J3521,6,TRUE) -> No | G1187: =VLOOKUP(A1187,Medical_Examinations!A1186:J3521,7,TRUE) -> No | H1187: =VLOOKUP(A1187,Medical_Examinations!A1186:J3521,8,TRUE) -> No | I1187: =VLOOKUP(A1187,Medical_Examinations!A1186:J3521,9,TRUE) -> 0 | J1187: =VLOOKUP(A1187,Medical_Examinations!A1186:J3521,10,TRUE) -> No | K1187: =VLOOKUP(A1187,Medical_Examinations!A1186:J3521,3,TRUE) -> Overweight | L1187: =VLOOKUP(A1187,Medical_Examinations!A1186:J3521,5,TRUE) -> Diabetes | M1187: =VLOOKUP(A1187,Hospitalization!A17:K2359,5,FALSE) -> 28037 | N1187: =VLOOKUP(A1187,Hospitalization!A188:K2530,6,FALSE) -> 23 | O1187: =VLOOKUP(A1178,Hospitalization!A179:K2521,11,TRUE) -> R1016 | P1187: =VLOOKUP(A1187,Hospitalization!A188:K2530,10,TRUE) -> tier - 2 | Q1187: =VLOOKUP(A1187,Hospitalization!A188:K2530,8,TRUE) -> 35733.96 | R1187: =VLOOKUP(A1187,Hospitalization!A188:K2530,9,TRUE) -> tier - 2
A1188: Id1187 | B1188: =VLOOKUP(A1188,'Customer Names'!A1188:E2506,3,TRUE) -> Ms | C1188: =VLOOKUP(A1188,'Customer Names'!A1186:E2011,4,FALSE) -> Zaferos | D1188: =VLOOKUP(HealthCare!A1188,Medical_Examinations!A1187:J3522,2,TRUE) -> 41.55 | E1188: =VLOOKUP(HealthCare!A1188,Medical_Examinations!A1187:J3522,4,TRUE) -> 4.61 | F1188: =VLOOKUP(A1188,Medical_Examinations!A1187:J3522,6,TRUE) -> No | G1188: =VLOOKUP(A1188,Medical_Examinations!A1187:J3522,7,TRUE) -> No | H1188: =VLOOKUP(A1188,Medical_Examinations!A1187:J3522,8,TRUE) -> No | I1188: =VLOOKUP(A1188,Medical_Examinations!A1187:J3522,9,TRUE) -> 1 | J1188: =VLOOKUP(A1188,Medical_Examinations!A1187:J3522,10,TRUE) -> No | K1188: =VLOOKUP(A1188,Medical_Examinations!A1187:J3522,3,TRUE) -> Obesity | L1188: =VLOOKUP(A1188,Medical_Examinations!A1187:J3522,5,TRUE) -> Normal | M1188: =VLOOKUP(A1188,Hospitalization!A18:K2360,5,FALSE) -> 27225 | N1188: =VLOOKUP(A1188,Hospitalization!A189:K2531,6,FALSE) -> 29 | O1188: =VLOOKUP(A1179,Hospitalization!A180:K2522,11,TRUE) -> R1012 | P1188: =VLOOKUP(A1188,Hospitalization!A189:K2531,10,TRUE) -> tier - 3 | Q1188: =VLOOKUP(A1188,Hospitalization!A189:K2531,8,TRUE) -> 35711.39 | R1188: =VLOOKUP(A1188,Hospitalization!A189:K2531,9,TRUE) -> tier - 2
A1189: Id1188 | B1189: =VLOOKUP(A1189,'Customer Names'!A1189:E2507,3,TRUE) -> Mr | C1189: =VLOOKUP(A1189,'Customer Names'!A1187:E2012,4,FALSE) -> Jackson | D1189: =VLOOKUP(HealthCare!A1189,Medical_Examinations!A1188:J3523,2,TRUE) -> 41.47 | E1189: =VLOOKUP(HealthCare!A1189,Medical_Examinations!A1188:J3523,4,TRUE) -> 4.7 | F1189: =VLOOKUP(A1189,Medical_Examinations!A1188:J3523,6,TRUE) -> yes | G1189: =VLOOKUP(A1189,Medical_Examinations!A1188:J3523,7,TRUE) -> No | H1189: =VLOOKUP(A1189,Medical_Examinations!A1188:J3523,8,TRUE) -> Yes | I1189: =VLOOKUP(A1189,Medical_Examinations!A1188:J3523,9,TRUE) -> 1 | J1189: =VLOOKUP(A1189,Medical_Examinations!A1188:J3523,10,TRUE) -> No | K1189: =VLOOKUP(A1189,Medical_Examinations!A1188:J3523,3,TRUE) -> Obesity | L1189: =VLOOKUP(A1189,Medical_Examinations!A1188:J3523,5,TRUE) -> Normal | M1189: =VLOOKUP(A1189,Hospitalization!A19:K2361,5,FALSE) -> 28843 | N1189: =VLOOKUP(A1189,Hospitalization!A190:K2532,6,FALSE) -> 23 | O1189: =VLOOKUP(A1180,Hospitalization!A181:K2523,11,TRUE) -> R1013 | P1189: =VLOOKUP(A1189,Hospitalization!A190:K2532,10,TRUE) -> tier - 1 | Q1189: =VLOOKUP(A1189,Hospitalization!A190:K2532,8,TRUE) -> 35701.9 | R1189: =VLOOKUP(A1189,Hospitalization!A190:K2532,9,TRUE) -> tier - 2
... A1200: Id1199 | B1200: =VLOOKUP(A1200,'Customer Names'!A1200:E2518,3,TRUE) -> Mr | C1200: =VLOOKUP(A1200,'Customer Names'!A1198:E2023,4,FALSE) -> Lafrance | D1200: =VLOOKUP(HealthCare!A1200,Medical_Examinations!A1199:J3534,2,TRUE) -> 35.97 | E1200: =VLOOKUP(HealthCare!A1200,Medical_Examinations!A1199:J3534,4,TRUE) -> 8.13 | F1200: =VLOOKUP(A1200,Medical_Examinations!A1199:J3534,6,TRUE) -> No | G1200: =VLOOKUP(A1200,Medical_Examinations!A1199:J3534,7,TRUE) -> No | H1200: =VLOOKUP(A1200,Medical_Examinations!A1199:J3534,8,TRUE) -> No | I1200: =VLOOKUP(A1200,Medical_Examinations!A1199:J3534,9,TRUE) -> 0 | J1200: =VLOOKUP(A1200,Medical_Examinations!A1199:J3534,10,TRUE) -> No | K1200: =VLOOKUP(A1200,Medical_Examinations!A1199:J3534,3,TRUE) -> Obesity | L1200: =VLOOKUP(A1200,Medical_Examinations!A1199:J3534,5,TRUE) -> Diabetes | M1200: =VLOOKUP(A1200,Hospitalization!A30:K2372,5,FALSE) -> 35620 | N1200: =VLOOKUP(A1200,Hospitalization!A201:K2543,6,FALSE) -> 22 | O1200: =VLOOKUP(A1191,Hospitalization!A192:K2534,11,TRUE) -> R1011 | P1200: =VLOOKUP(A1200,Hospitalization!A201:K2543,10,TRUE) -> tier - 2 | Q1200: =VLOOKUP(A1200,Hospitalization!A201:K2543,8,TRUE) -> 35302.09 | R1200: =VLOOKUP(A1200,Hospitalization!A201:K2543,9,TRUE) -> tier - 1
A1201: Id1200 | B1201: =VLOOKUP(A1201,'Customer Names'!A1201:E2519,3,TRUE) -> Mrs | C1201: =VLOOKUP(A1201,'Customer Names'!A1199:E2024,4,FALSE) -> Hallis | D1201: =VLOOKUP(HealthCare!A1201,Medical_Examinations!A1200:J3535,2,TRUE) -> 25.86 | E1201: =VLOOKUP(HealthCare!A1201,Medical_Examinations!A1200:J3535,4,TRUE) -> 6.68 | F1201: =VLOOKUP(A1201,Medical_Examinations!A1200:J3535,6,TRUE) -> yes | G1201: =VLOOKUP(A1201,Medical_Examinations!A1200:J3535,7,TRUE) -> No | H1201: =VLOOKUP(A1201,Medical_Examinations!A1200:J3535,8,TRUE) -> No | I1201: =VLOOKUP(A1201,Medical_Examinations!A1200:J3535,9,TRUE) -> 1 | J1201: =VLOOKUP(A1201,Medical_Examinations!A1200:J3535,10,TRUE) -> No | K1201: =VLOOKUP(A1201,Medical_Examinations!A1200:J3535,3,TRUE) -> Overweight | L1201: =VLOOKUP(A1201,Medical_Examinations!A1200:J3535,5,TRUE) -> Diabetes | M1201: =VLOOKUP(A1201,Hospitalization!A31:K2373,5,FALSE) -> 28305 | N1201: =VLOOKUP(A1201,Hospitalization!A32:K2374,6,FALSE) -> 21 | O1201: =VLOOKUP(A1192,Hospitalization!A193:K2535,11,TRUE) -> R1011 | P1201: =VLOOKUP(A1201,Hospitalization!A202:K2544,10,TRUE) -> tier - 1 | Q1201: =VLOOKUP(A1201,Hospitalization!A202:K2544,8,TRUE) -> 35069.37 | R1201: =VLOOKUP(A1201,Hospitalization!A202:K2544,9,TRUE) -> tier - 1
A1202: Id1201 | B1202: =VLOOKUP(A1202,'Customer Names'!A1202:E2520,3,TRUE) -> Mr | C1202: =VLOOKUP(A1202,'Customer Names'!A1200:E2025,4,FALSE) -> Marshall | D1202: =VLOOKUP(HealthCare!A1202,Medical_Examinations!A1201:J3536,2,TRUE) -> 30.03 | E1202: =VLOOKUP(HealthCare!A1202,Medical_Examinations!A1201:J3536,4,TRUE) -> 11.51 | F1202: =VLOOKUP(A1202,Medical_Examinations!A1201:J3536,6,TRUE) -> No | G1202: =VLOOKUP(A1202,Medical_Examinations!A1201:J3536,7,TRUE) -> No | H1202: =VLOOKUP(A1202,Medical_Examinations!A1201:J3536,8,TRUE) -> No | I1202: =VLOOKUP(A1202,Medical_Examinations!A1201:J3536,9,TRUE) -> 0 | J1202: =VLOOKUP(A1202,Medical_Examinations!A1201:J3536,10,TRUE) -> No | K1202: =VLOOKUP(A1202,Medical_Examinations!A1201:J3536,3,TRUE) -> Obesity | L1202: =VLOOKUP(A1202,Medical_Examinations!A1201:J3536,5,TRUE) -> Diabetes | M1202: =VLOOKUP(A1202,Hospitalization!A32:K2374,5,FALSE) -> 27635 | N1202: =VLOOKUP(A1202,Hospitalization!A33:K2375,6,FALSE) -> 22 | O1202: =VLOOKUP(A1193,Hospitalization!A194:K2536,11,TRUE) -> R1011 | P1202: =VLOOKUP(A1202,Hospitalization!A203:K2545,10,TRUE) -> tier - 1 | Q1202: =VLOOKUP(A1202,Hospitalization!A203:K2545,8,TRUE) -> 35050.62 | R1202: =VLOOKUP(A1202,Hospitalization!A203:K2545,9,TRUE) -> tier - 2
A1203: Id1202 | B1203: =VLOOKUP(A1203,'Customer Names'!A1203:E2521,3,TRUE) -> Mrs | C1203: =VLOOKUP(A1203,'Customer Names'!A1201:E2026,4,FALSE) -> Salowitz | D1203: =VLOOKUP(HealthCare!A1203,Medical_Examinations!A1202:J3537,2,TRUE) -> 25.76 | E1203: =VLOOKUP(HealthCare!A1203,Medical_Examinations!A1202:J3537,4,TRUE) -> 6.02 | F1203: =VLOOKUP(A1203,Medical_Examinations!A1202:J3537,6,TRUE) -> yes | G1203: =VLOOKUP(A1203,Medical_Examinations!A1202:J3537,7,TRUE) -> No | H1203: =VLOOKUP(A1203,Medical_Examinations!A1202:J3537,8,TRUE) -> Yes | I1203: =VLOOKUP(A1203,Medical_Examinations!A1202:J3537,9,TRUE) -> 1 | J1203: =VLOOKUP(A1203,Medical_Examinations!A1202:J3537,10,TRUE) -> No | K1203: =VLOOKUP(A1203,Medical_Examinations!A1202:J3537,3,TRUE) -> Overweight | L1203: =VLOOKUP(A1203,Medical_Examinations!A1202:J3537,5,TRUE) -> Prediabetes | M1203: =VLOOKUP(A1203,Hospitalization!A33:K2375,5,FALSE) -> 30137 | N1203: =VLOOKUP(A1203,Hospitalization!A34:K2376,6,FALSE) -> 22 | O1203: =VLOOKUP(A1194,Hospitalization!A195:K2537,11,TRUE) -> R1011 | P1203: =VLOOKUP(A1203,Hospitalization!A204:K2546,10,TRUE) -> tier - 3 | Q1203: =VLOOKUP(A1203,Hospitalization!A204:K2546,8,TRUE) -> 35000.73 | R1203: =VLOOKUP(A1203,Hospitalization!A204:K2546,9,TRUE) -> tier - 2
A1204: Id1203 | B1204: =VLOOKUP(A1204,'Customer Names'!A1204:E2522,3,TRUE) -> Mr | C1204: =VLOOKUP(A1204,'Customer Names'!A1202:E2027,4,FALSE) -> Blake | D1204: =VLOOKUP(HealthCare!A1204,Medical_Examinations!A1203:J3538,2,TRUE) -> 22.42 | E1204: =VLOOKUP(HealthCare!A1204,Medical_Examinations!A1203:J3538,4,TRUE) -> 7.96 | F1204: =VLOOKUP(A1204,Medical_Examinations!A1203:J3538,6,TRUE) -> No | G1204: =VLOOKUP(A1204,Medical_Examinations!A1203:J3538,7,TRUE) -> No | H1204: =VLOOKUP(A1204,Medical_Examinations!A1203:J3538,8,TRUE) -> No | I1204: =VLOOKUP(A1204,Medical_Examinations!A1203:J3538,9,TRUE) -> 0 | J1204: =VLOOKUP(A1204,Medical_Examinations!A1203:J3538,10,TRUE) -> No | K1204: =VLOOKUP(A1204,Medical_Examinations!A1203:J3538,3,TRUE) -> Normal Weight | L1204: =VLOOKUP(A1204,Medical_Examinations!A1203:J3538,5,TRUE) -> Diabetes | M1204: =VLOOKUP(A1204,Hospitalization!A34:K2376,5,FALSE) -> 35664 | N1204: =VLOOKUP(A1204,Hospitalization!A35:K2377,6,FALSE) -> 31 | O1204: =VLOOKUP(A1195,Hospitalization!A196:K2538,11,TRUE) -> R1011 | P1204: =VLOOKUP(A1204,Hospitalization!A205:K2547,10,TRUE) -> tier - 2 | Q1204: =VLOOKUP(A1204,Hospitalization!A205:K2547,8,TRUE) -> 34979.86 | R1204: =VLOOKUP(A1204,Hospitalization!A205:K2547,9,TRUE) -> tier - 2
A1205: Id1204 | B1205: =VLOOKUP(A1205,'Customer Names'!A1205:E2523,3,TRUE) -> Mr | C1205: =VLOOKUP(A1205,'Customer Names'!A1203:E2028,4,FALSE) -> Langerak | D1205: =VLOOKUP(HealthCare!A1205,Medical_Examinations!A1204:J3539,2,TRUE) -> 33.18 | E1205: =VLOOKUP(HealthCare!A1205,Medical_Examinations!A1204:J3539,4,TRUE) -> 6.01 | F1205: =VLOOKUP(A1205,Medical_Examinations!A1204:J3539,6,TRUE) -> yes | G1205: =VLOOKUP(A1205,Medical_Examinations!A1204:J3539,7,TRUE) -> No | H1205: =VLOOKUP(A1205,Medical_Examinations!A1204:J3539,8,TRUE) -> No | I1205: =VLOOKUP(A1205,Medical_Examinations!A1204:J3539,9,TRUE) -> 1 | J1205: =VLOOKUP(A1205,Medical_Examinations!A1204:J3539,10,TRUE) -> No | K1205: =VLOOKUP(A1205,Medical_Examinations!A1204:J3539,3,TRUE) -> Obesity | L1205: =VLOOKUP(A1205,Medical_Examinations!A1204:J3539,5,TRUE) -> Prediabetes | M1205: =VLOOKUP(A1205,Hospitalization!A35:K2377,5,FALSE) -> 36029 | N1205: =VLOOKUP(A1205,Hospitalization!A36:K2378,6,FALSE) -> 22 | O1205: =VLOOKUP(A1196,Hospitalization!A197:K2539,11,TRUE) -> R1011 | P1205: =VLOOKUP(A1205,Hospitalization!A206:K2548,10,TRUE) -> tier - 1 | Q1205: =VLOOKUP(A1205,Hospitalization!A206:K2548,8,TRUE) -> 34976.42 | R1205: =VLOOKUP(A1205,Hospitalization!A206:K2548,9,TRUE) -> tier - 2
A1206: Id1205 | B1206: =VLOOKUP(A1206,'Customer Names'!A1206:E2524,3,TRUE) -> Mrs | C1206: =VLOOKUP(A1206,'Customer Names'!A1204:E2029,4,FALSE) -> Bonilla | D1206: =VLOOKUP(HealthCare!A1206,Medical_Examinations!A1205:J3540,2,TRUE) -> 43.04 | E1206: =VLOOKUP(HealthCare!A1206,Medical_Examinations!A1205:J3540,4,TRUE) -> 5.9 | F1206: =VLOOKUP(A1206,Medical_Examinations!A1205:J3540,6,TRUE) -> yes | G1206: =VLOOKUP(A1206,Medical_Examinations!A1205:J3540,7,TRUE) -> No | H1206: =VLOOKUP(A1206,Medical_Examinations!A1205:J3540,8,TRUE) -> No | I1206: =VLOOKUP(A1206,Medical_Examinations!A1205:J3540,9,TRUE) -> 0 | J1206: =VLOOKUP(A1206,Medical_Examinations!A1205:J3540,10,TRUE) -> No | K1206: =VLOOKUP(A1206,Medical_Examinations!A1205:J3540,3,TRUE) -> Obesity | L1206: =VLOOKUP(A1206,Medical_Examinations!A1205:J3540,5,TRUE) -> Prediabetes | M1206: =VLOOKUP(A1206,Hospitalization!A36:K2378,5,FALSE) -> 24752 | N1206: =VLOOKUP(A1206,Hospitalization!A37:K2379,6,FALSE) -> 22 | O1206: =VLOOKUP(A1197,Hospitalization!A198:K2540,11,TRUE) -> R1011 | P1206: =VLOOKUP(A1206,Hospitalization!A207:K2549,10,TRUE) -> tier - 2 | Q1206: =VLOOKUP(A1206,Hospitalization!A207:K2549,8,TRUE) -> 34975.68 | R1206: =VLOOKUP(A1206,Hospitalization!A207:K2549,9,TRUE) -> tier - 2
A1207: Id1206 | B1207: =VLOOKUP(A1207,'Customer Names'!A1207:E2525,3,TRUE) -> Mr | C1207: =VLOOKUP(A1207,'Customer Names'!A1205:E2030,4,FALSE) -> Ciabattoni | D1207: =VLOOKUP(HealthCare!A1207,Medical_Examinations!A1206:J3541,2,TRUE) -> 34.15 | E1207: =VLOOKUP(HealthCare!A1207,Medical_Examinations!A1206:J3541,4,TRUE) -> 4.49 | F1207: =VLOOKUP(A1207,Medical_Examinations!A1206:J3541,6,TRUE) -> yes | G1207: =VLOOKUP(A1207,Medical_Examinations!A1206:J3541,7,TRUE) -> No | H1207: =VLOOKUP(A1207,Medical_Examinations!A1206:J3541,8,TRUE) -> No | I1207: =VLOOKUP(A1207,Medical_Examinations!A1206:J3541,9,TRUE) -> 1 | J1207: =VLOOKUP(A1207,Medical_Examinations!A1206:J3541,10,TRUE) -> No | K1207: =VLOOKUP(A1207,Medical_Examinations!A1206:J3541,3,TRUE) -> Obesity | L1207: =VLOOKUP(A1207,Medical_Examinations!A1206:J3541,5,TRUE) -> Normal | M1207: =VLOOKUP(A1207,Hospitalization!A37:K2379,5,FALSE) -> 30526 | N1207: =VLOOKUP(A1207,Hospitalization!A38:K2380,6,FALSE) -> 21 | O1207: =VLOOKUP(A1198,Hospitalization!A199:K2541,11,TRUE) -> R1011 | P1207: =VLOOKUP(A1207,Hospitalization!A208:K2550,10,TRUE) -> tier - 3 | Q1207: =VLOOKUP(A1207,Hospitalization!A208:K2550,8,TRUE) -> 34940.61 | R1207: =VLOOKUP(A1207,Hospitalization!A208:K2550,9,TRUE) -> tier - 2
A1208: Id1207 | B1208: =VLOOKUP(A1208,'Customer Names'!A1208:E2526,3,TRUE) -> Mrs | C1208: =VLOOKUP(A1208,'Customer Names'!A1206:E2031,4,FALSE) -> Escanero Palmer | D1208: =VLOOKUP(HealthCare!A1208,Medical_Examinations!A1207:J3542,2,TRUE) -> 25.78 | E1208: =VLOOKUP(HealthCare!A1208,Medical_Examinations!A1207:J3542,4,TRUE) -> 6.25 | F1208: =VLOOKUP(A1208,Medical_Examinations!A1207:J3542,6,TRUE) -> No | G1208: =VLOOKUP(A1208,Medical_Examinations!A1207:J3542,7,TRUE) -> No | H1208: =VLOOKUP(A1208,Medical_Examinations!A1207:J3542,8,TRUE) -> No | I1208: =VLOOKUP(A1208,Medical_Examinations!A1207:J3542,9,TRUE) -> 0 | J1208: =VLOOKUP(A1208,Medical_Examinations!A1207:J3542,10,TRUE) -> No | K1208: =VLOOKUP(A1208,Medical_Examinations!A1207:J3542,3,TRUE) -> Overweight | L1208: =VLOOKUP(A1208,Medical_Examinations!A1207:J3542,5,TRUE) -> Prediabetes | M1208: =VLOOKUP(A1208,Hospitalization!A38:K2380,5,FALSE) -> 34989 | N1208: =VLOOKUP(A1208,Hospitalization!A39:K2381,6,FALSE) -> 22 | O1208: =VLOOKUP(A1199,Hospitalization!A200:K2542,11,TRUE) -> R1011 | P1208: =VLOOKUP(A1208,Hospitalization!A209:K2551,10,TRUE) -> tier - 3 | Q1208: =VLOOKUP(A1208,Hospitalization!A209:K2551,8,TRUE) -> 34838.87 | R1208: =VLOOKUP(A1208,Hospitalization!A209:K2551,9,TRUE) -> tier - 2
A1209: Id1208 | B1209: =VLOOKUP(A1209,'Customer Names'!A1209:E2527,3,TRUE) -> Ms | C1209: =VLOOKUP(A1209,'Customer Names'!A1207:E2032,4,FALSE) -> Lowe | D1209: =VLOOKUP(HealthCare!A1209,Medical_Examinations!A1208:J3543,2,TRUE) -> 21.02 | E1209: =VLOOKUP(HealthCare!A1209,Medical_Examinations!A1208:J3543,4,TRUE) -> 9.62 | F1209: =VLOOKUP(A1209,Medical_Examinations!A1208:J3543,6,TRUE) -> yes | G1209: =VLOOKUP(A1209,Medical_Examinations!A1208:J3543,7,TRUE) -> No | H1209: =VLOOKUP(A1209,Medical_Examinations!A1208:J3543,8,TRUE) -> Yes | I1209: =VLOOKUP(A1209,Medical_Examinations!A1208:J3543,9,TRUE) -> 1 | J1209: =VLOOKUP(A1209,Medical_Examinations!A1208:J3543,10,TRUE) -> No | K1209: =VLOOKUP(A1209,Medical_Examinations!A1208:J3543,3,TRUE) -> Normal Weight | L1209: =VLOOKUP(A1209,Medical_Examinations!A1208:J3543,5,TRUE) -> Diabetes | M1209: =VLOOKUP(A1209,Hospitalization!A39:K2381,5,FALSE) -> 37881 | N1209: =VLOOKUP(A1209,Hospitalization!A40:K2382,6,FALSE) -> 26 | O1209: =VLOOKUP(A1200,Hospitalization!A201:K2543,11,TRUE) -> R1011 | P1209: =VLOOKUP(A1209,Hospitalization!A210:K2552,10,TRUE) -> tier - 3 | Q1209: =VLOOKUP(A1209,Hospitalization!A210:K2552,8,TRUE) -> 34828.65 | R1209: =VLOOKUP(A1209,Hospitalization!A210:K2552,9,TRUE) -> tier - 1
...
